NO,id,question,choices,key,key_text,label_1,indikator,label_2
1,8e4cb4de-bf0c-49ba-87bb-fed51419d294,"Seseorang mempunyai sejumlah uang yang akan diambil tiap bulan yang besarnya mengikuti aturan barisan aritmetika. Pada bulan pertama diambil Rp1.000.000,00, bulan kedua Rp925.000,00, bulan ketiga Rp850.000,00, demikian seterusnya. Jumlah seluruh uang yang telah diambil selama 12 bulan pertama adalah â€¦","A. Rp6.750.000,00
 B. Rp7.050.000,00
 C. Rp7.175.000,00
 D. Rp7.225.000,00
 E. Rp7.300.000,00 ",B,"Rp7.050.000,00
",C3,mengaitkan,sedang
2,80ed6b49-0e35-4677-978a-a551523d2aaf,Rumus jumlah n suku pertama deret aritmetika adalah . Suku ketujuh dari deret tersebut adalah â€¦,"A. 39
                                                         B.  45Â Â Â Â 
                                                         C. 75
                                                         D. 78
                                                         E.  87 ",E, 87,C3,menghitung,mudah
3,1fe60e13-2323-4d5a-bfab-a004a23abd88,Bakteri jenis A berkembang biak menjadi dua kali lipat setiap lima menit. Pada waktu lima belas menit pertama banyaknya bakteri ada 400. Banyaknya bakteri pada waktu tiga puluh lima menit pertama adalah â€¦ bakteri,"A.  640Â Â Â Â 
							 B.  6.400
							 C. 32.00
							 D. 12.800
							 E. 3.2000Â Â Â Â  ",B," 6.400
							",C3,menghitung,sulit
4,a0235e0f-8a6b-42f8-95eb-d8be56a8517b,"Seorang ayah membagikan uang sebesar Rp 100.000,00 kepada 4 orang anaknya. Makin muda usia anak, makin kecil uang yang diterima. Jika selisih yang diterima oleh setiap dua anak yang usianya berdekatan adalah Rp 5.000,00 dan si sulung menerima uang paling banyak, maka jumlah uang yang diterima oleh si bungsu adalah â€¦","A. Rp     15.000,00Â Â Â Â 
                                                         B. Rp      22.500,00
                                                         C. Rp     17.500,00
                                                         D. Rp     25.000,00
                                                         E. Rp     20.000,00Â Â Â Â  ",C,"Rp     17.500,00
							",C3,menghitung,sulit
5,5604840d-4e0f-4194-90b4-e8e89161eca1,"Suatu perusahaan pakaian dapat menghasilkan 4.000 buah pada awal produksi. Pada bulan berikutnya produksi dapat ditingkatkan menjadi 4.050. Bila kemajuan tetap, maka jumlah produksi dalam 1 tahun ada â€¦ buah","A. 45.500 Â Â Â Â 
							 B.  50.500Â Â Â Â 
							 C. . 55.500
							 D. 48.000 Â Â Â Â 
							 E.  51.300 ",E, 51.300,C3,menghitung,sedang
6,8e5957c9-212f-4019-bcd8-5fc6f8bc67d7,"Suatu ruang pertunjukan memiiliki 25 baris kursi. Terdapat 30 kursi pada baris pertama, 34 kursi pada baris kedua, 38 kursi di baris ketiga, 42 kursi pada baris keempat dan seterusnya. Jumlah kursi yang ada dalam ruang pertunjukan adalah â€¦ buah  ","A. 1.535 
							 B.  1.950Â Â Â Â 
							 C. 2.700
							 D. 1.575 Â Â Â Â 
							 E. 2.000Â Â Â Â  Â Â Â Â  ",B," 1.950Â Â Â Â 
							",C3,menghitung,sedang
7,118d9aac-b510-40d3-a31b-d5c5989be3f7,Diketahui lima orang bersaudara dengan selisih umur yang sama. Anak termuda berusia 13 tahun dan yang tertua 33 tahun. Jumlah usia mereka seluruhnya adalah â€¦ tahun,"A. 112
 B. 115
 C. 125
 D. 130
 E. 160 ",B,"115
",C3,menghitung,sedang
8,84f74a47-9fc3-49d5-9b48-fbc54be6b11a,Diketahui suku kedua dan suku keenam suatu deret geometri dengan suku positif berturut-turut adalah 6 dan 96. Jumlah lima suku pertama deret tersebut adalah â€¦,"A. 72
 B. 93
 C. 96
 D. 151
 E. 160 ",B,"93
",C3,menghitung,sedang
9,cb4aba20-6559-492a-9139-cd511289c77e,"Jumlah lima suku pertama suatu deret geometri adalah 93 dan rasio deret itu 2, hasil kali suku ke-3 dan ke-6 adalah â€¦","A. 4.609
 B. 2.304
 C. 1.152
 D. 768
 E. 384 ",C,"1.152
",C3,menghitung,sedang
10,9dacf9a1-67c3-4b43-a7d9-8a51050dbeee,Jumlah sepuluh suku pertama deret log 2 + log 6 + log 18 + log 54 + â€¦ adalah â€¦,"A. 
										 B. 

									
 C. 
									
									
 D. 

									
 E. 
								 ",E,"
								",C3,menghitung,sulit
11,3231b4da-12d9-4316-8953-c952ea6f9a50,"Populasi suatu jenis serangga setiap tahun menjadi dua kali lipat. Jika populasi serangga tersebut saat ini mencapai 5000 ekor, maka 10 tahun yang akan datang populasinya sama dengan â€¦","A. 2.557.500 ekor
 B. 2.560.000 ekor
 C. 5.090.000 ekor
 D. 5.115.000 ekor
 E. 5.120.000 ekor ",D,"5.115.000 ekor
",C3,menghitung,sulit
12,8c696028-6d96-47e7-af0a-b3bc9b720ac0,Suku ke-5 sebuah deret aritmetika adalah 11 dan jumlah nilai suku ke-8 dengan suku ke-12 sama dengan 52. Jumlah 8 suku yang pertama deret itu adalah â€¦,"A. 68
 B. 72
 C. 76
 D. 80
 E. 84 ",C,"76
",C3,Menghitung,sedang
13,9aa3d1bd-af72-436e-a4b5-513b4de2be0d,"Tiga bilangan membentuk barisan aritmetika. Jika suku ketiga ditambah dua, dan suku kedua dikurangi dua, diperoleh barisan geometri. Jika suku ketiga barisan aritmetika ditambah 2 maka hasilnya menjadi empat kali suku pertama. Maka suku pertama deret aritmetika tersebut adalah â€¦","A. 4 
 B. 6
 C. 8
 D. 12
 E. 14 ",A,"4 
",C3,Menghitung,sulit
14,426f6859-bab8-4f9c-8328-1d66638a3fcf,"Seorang penjual daging pada bulan Januari menjual 120 kg, bulan Februari 130 kg, Maret dan seterusnya selama 10 bulan selalu bertambah 10kg dari bulan sebelumnya. Jumlah daging yang terjual selama 10 bulan adalah â€¦ kg","A. 1050
 B. 1200
 C. 1350
 D. 1600
 E. 1750
 ",D,"1600
",C3,Menghitung,sedang
15,38b51105-2023-4b3d-9f0d-d80b2e0a5d75,Suku ke-4 dan ke-9 suatu barisan aritmetika berturut-turut adalah 110 dan 150. Suku ke-30 barisan aritmetika tersebut adalah â€¦,"A. 308
 B. 318
 C. 326
 D. 344
 E. 354 ",B,"318
",C3,Menghitung,sedang
16,892c043c-1727-4d04-9d97-da24b7c6e655,Suku ke-6 dan ke-12 suatu barisan aritmetika berturut-turut adalah 35 dan 65. Suku ke-52 barisan aritmetika tersebut adalah â€¦,"A. 245
 B. 255
 C. 260
 D. 285
 E. 355 ",C,"260
",C3,Menghitung,sedang
17,069744fb-e4f3-433e-b5a4-68f0d5a6a66c,"Tiga buah bilangan membentuk barisan aritmetika dengan beda tiga. Jika suku kedua dikurangi 1, maka terbentuklah barisan geometri dengan jumlah 14. Rasio barisan tersebut adalah â€¦","A. 4  
 B. 2
 C. 1/2
 D. -1/2
 E. -2 ",B,"2
",C3,Menghitung,sulit
18,25ebcec3-b55c-4a2c-b796-fdee647ba280,-150 +  65 = â€¦.,"A. -215
 B. -85
 C. 85
 D. 215 ",B,"-85
",C3,Menghitung,sedang
19,a5eb280c-f5cb-48d1-88c1-74139a445813,-240 - 133 = â€¦.,"A. -373
 B. -107
 C. 107
 D. 373 ",A,"-373
",C3,Menghitung,sedang
20,fee9c578-9b69-46c1-8ec4-e16e7e5457a2,-45 - (-160) = â€¦.,"A. -115
 B. 115
 C. 125
 D. 205 ",B,"115
",C3,Menghitung,sedang
21,18f08dad-2f52-4f35-9455-3275ff9a6249,-65 â€“ 22 + 10  = â€¦.,"A. -87
 B. -67
 C. -57
 D. -53 ",B,"-67
",C3,Menghitung,sedang
22,4e8e2a31-d7b0-48cd-b656-60b982016448,-75 + (-120) = â€¦.,"A. -195
 B. 45
 C. 55
 D. 195 ",A,"-195
",C3,Menghitung,sedang
23,0da7c866-2bcc-4e72-9ca8-70ca4a60da7d,-85   + 100 - 45 = â€¦.,"A. -60
 B. -30
 C. 30
 D. 60 ",B,"-30
",C3,Menghitung,sedang
24,2c82b0e3-5688-4f1f-87b8-6680099938da,-85 + 100 = â€¦.,"A. 185
 B. 15
 C. -15
 D. -185 ",B,"15
",C3,Menghitung,sedang
25,5864998b-847b-4ec5-a463-3cc0134d351b,-85 + 25  + 100  = â€¦.,"A. -160
 B. -40
 C. 10
 D. 40
								 ",D,"40
								",C3,Menghitung,sedang
26,1e6bb8cb-9dc4-45d0-ab84-0b875239a6a1,120 + (- 45) - 12  = â€¦.,"A. 63
 B. 87
 C. 153
 D. 163 ",A,"63
",C3,Menghitung,sedang
27,96286037-6be8-4f29-9284-20a5d6bed566,150 + (-30) = â€¦.,"A. -130
 B. -120
 C. 120
 D. 130 ",C,"120
",C3,Menghitung,sedang
28,5f8ecc0e-1bc7-4b4e-a6f6-a573e0f58dfb,240 + ( - 130)  = â€¦.,"A. -370
 B. -110
 C. 170
 D. 370 ",C,"170
",C3,Menghitung,sedang
29,306f529f-c947-4c8c-aa48-d4fc2de1098e,25 + (-95) = â€¦.,"A. 120
 B. 70
 C. -70
 D. -120 ",C,"-70
",C3,Menghitung,sedang
30,0e479d1b-70e1-4dc4-852f-cbc321b34bee,250 -  (-95) = â€¦.,"A. 145
 B. 155
 C. 335
 D. 345 ",D,345,C3,Menghitung,sedang
31,3fcf158d-b7b9-4eb1-8171-48e178284d45,295  + ( - 142)  +  69  = â€¦.,"A. 153
 B. 212
 C. 222
 D. 322 ",C,"222
",C3,Menghitung,sedang
32,7cce810b-2b13-4902-b600-4c8426f23e6d,92 - (-100) = â€¦.,"A. -192
 B. -18
 C. 8
 D. 192 ",D,192,C3,Menghitung,sedang
33,81e723ff-d592-4a7f-93fd-c5493fe8582f,"Jika pada suatu deret aritmatika suku ke-7 dan suku ke-10 beerturut-turut 13 dan 19, maka jumlah 20 suku pertama adalah . . . .","A. 100
 B. 200
 C. 300
 D. 400
 E. 500 ",D,"400
",C3,Menghitung,sedang
34,fd047828-2298-430f-836f-d21c7f69b74b,Jumlah bilangan diantara 5 dan 100 yang habis dibagi 7 tetapi tidak habis dibagi 4 adalah . . . .,"A. 168
 B. 567
 C. 651
 D. 667
 E. 735 ",A,"168
",C3,Menghitung,sulit
35,e300ec78-df11-404c-a28c-7d8a36eefc78,Jumlah bilangan-bilangan bulat antara 250 dan 1.000 yang habis dibagi 7 adalah . . . .,"A. 45.692
 B. 66.661
 C. 73.775
 D. 80.129
 E. 54.396 ",B,"66.661
",C3,Menghitung,sulit
36,78f2d9da-b02a-41db-a14c-33d50e8a26c7,"Jumlah dari 33 suku pertama dari deret aritmatika adalah 891. Jika suku pertama deret tersebut adalah 7, maka suku ke-33 adalah . . . ....","A. 41
 B. 45
 C. 47
 D. 49
 E. 51 ",C,"47
",C3,Menghitung,sedang
37,e914a3a7-b8f7-4230-85e9-2ab3ba6507f2,Suku keempat suatu deret aritmatika adalah 9 dan jumlah suku keenam dan kedelapan adalah 30. Jumlah 20 suku pertama deret tersebut adalah . . . .,"A. 200
 B. 440
 C. 600
 D. 640
 E. 800 ",B,"440
",C3,Menghitung,sedang
38,90f48c0b-572c-4676-aaff-b8294a33b00d,"Tiga bilangan membentuk suatu deret geometri. Jika hasil kalinya adalah 216 dan jumlahnya 26, maka rasio deret tersebut adalah . . . .                                                                  ","A. 3 atau 1/3
 B. 3 atau -1/3
 C. 3 atau 1/2
 D. 3 atau 2
 E. 2 atau  1/2 ",A,"3 atau 1/3
",C3,Menghitung,sulit
39,,Jumlah simetri putar pada persegi adalah ..,"A. 2
 B. 3 
 C. 4    D.  ",C,4   ,C2,menjelaskan,sedang
40,,Nina memiliki sebuah bingkai foto dengan panjang 20cm dan lebar 10 cm. Berapakah keliling bingkai foto tersebut ?,"A. 30 cm
 B. 40 cm
 C. 60 cm  D.  ",C,60 cm ,C3,Menghitung,mudah
41,,"Saat ngabuburit, Yusni membaca buku. Yusni membaca dari pukul 16.00 sampai pukul 17. 30. Berapa lama Yusni membaca buku ?","A. 1 jam 
 B. 2 jam 
 C. 1 jam 30 menit D.  ",C,1 jam 30 menit,C3,Menghitung,mudah
42,,Sebuah persegi panjang memiliki panjang 7 cm dan lebar 4 cm. Berapakah keliling dari persegi panjang tersebut !,"A. 11
 B. 22 
 C. 36    D.  ",B,"22 
",C3,Menghitung,mudah
43,,"Sebuah segitiga diketahui memiliki sisi a =  8cm,  b = 7cm,  dan c = 5 cm. Berapakah keliling dari segitiga tersebut !","A. 20
 B. 22
 C. 24    D.  ",A,"20
",C3,Menghitung,mudah
44,,Sudut adalah ...,"A. Pertemuan dua garis 
 B. Persimpangan garis 
 C. Pertemuan tiga garis  D.  ",A,"Pertemuan dua garis 
",C1,Menyebutkan,mudah
45,,Sudut yang besarannya tepat 180  derajat dinamakan dengan sudut ...,"A. lurus
 B. tumpul
 C. siku siku  D.  ",A,"lurus
",C1,Menyebutkan,mudah
46,,Bangun yang memiliki tiga sisi dan tiga sudut adalah â€¦.,"A.  persegi

 B.  lingkaran

 C.  segitiga

 D.  persegi panjang ",C," segitiga

",C1,Menyebutkan,mudah
47,,Bangundatar yang memiliki dua buah sisi sama panjang yang saling berhadapan dibut bangun â€¦.,"A. persegi
 B. segitiga
 C. lingkaran
 D. persegi panjang ",D,persegi panjang,C1,Menyebutkan,mudah
48,,Benda yang memiliki sudut siku- siku adalah â€¦.,"A. gelas
 B. botol
 C. bola
 D. meja ",D,meja,C2,Membedakan,sedang
49,,Buku tulis dengan panjang 25 cm dan lebar 17 cm memiliki keliling â€¦.,"A. 60 cm
 B. 66 cm
 C. 73 cm
 D. 84 cm ",D,84 cm,C3,Menghitung,mudah
50,,Gambarkan sebuah sudut yang besarnya 45 derajat !,"A.  B. .
 C. .
 D.  ",A,,C6,Membuat,mudah
51,,Keliling bangun persegi panjang dengan panjang 15 cm dan lebar 5 cm adalah â€¦.,"A. 20 cm
 B. 30 cm
 C. 40 cm
 D. 45 cm ",C,"40 cm
",C3,Menghitung,mudah
52,,Keliling persegi yang panjang sisinya 35 cm adalah â€¦.,"A. 110 cm
 B. 120 cm
 C. 130 cm
 D. 140 cm ",D,140 cm,C3,Menghitung,mudah
53,,"Keliling sebuah karpet adalah 16 meter. Jika panjang karpet itu 5 meter, maka lebernya karpet adalah â€¦.","A. 300 cm
 B. 400 cm
 C. 500 cm
 D. 600 cm ",A,"300 cm
",C3,Menghitung,sedang
54,,Lambang pecahan empat pertujuh adalah â€¦.,"A. 2/7
 B. 4/7
 C. 3/4
 D. 7/4 ",B,"4/7
",C2,Membedakan,sedang
55,,Panjang sisi persegi yang kelilingnya 112 cm adalah â€¦.,"A. 26 cm
 B. 27 cm
 C. 28 cm
 D. 29 cm ",D,29 cm,C3,Menghitung,mudah
56,,Pecahan 2/9 mempunyai pembilang â€¦.,"A. 2
 B. 7
 C. 9
 D. 11 ",A,"2
",C2,Membedakan,sedang
57,,"Ruangan kelas IIIB berbentuk persegi yang panjang sisinya 5 meter, maka keliling kelas tersebut adalah â€¦.","A. 10 meter
 B. 20 meter
 C. 25 meter
 D. 30 meter ",B,"20 meter
",C3,Menghitung,mudah
58,,Rumus keliling persegi panjang yang berukuran panjang p dan lebar l adalah â€¦.,"A. 2p + 2l
 B. 2p + l
 C. P + 2l
 D. P + l ",A,"2p + 2l
",C1,Menyebutkan,mudah
59,,"Sebuah bangundatar persegi panjang memiliki panjang 25 cm dan lebar 6 cm, maka luas bangun tersebut adalah â€¦ cm persegi","A. 300 
 B. 150
 C. 62
 D. 31 ",A,"300 
",C3,Menghitung,mudah
60,,Sebuah kolam ikan berbentuk persegi mempunyai luas 64 meter persegi. Berapakah panjang sisi kolam ikan tersebut ?,"A.  B. .
 C. .
 D.  ",A,,C3,Menghitung,sedang
61,,"Sebuah persegi memiliki sisi 12 cm, maka keliling bangun tersebut adalah â€¦.","A. 48 cm
 B. 36 cm
 C. 24 cm
 D. 12 cm ",A,"48 cm
",C3,Menghitung,mudah
62,,"Sebuah sudut besarnya 75 derajat, maka sudut tersebut disebut sudut â€¦.","A. lurus
 B. lancip
 C. tumpul
 D. siku- siku ",B,"lancip
",C3,Menghitung,mudah
63,,Sebuah taman bunga berbentuk persegi dengan ukuran sisinya 2 meter. Luas taman bunga itu adlah â€¦ meter persegi,"A. 8
 B. 6
 C. 4
 D. 2 ",C,"4
",C3,Menghitung,mudah
64,,Bangun datar persegi memiliki ... simetri lipat.,"A. 2
 B. 3 
 C. 4    D.  ",C,4   ,C2,membedakan,mudah
65,,Bilangan kubik antara 100 dan 500 adalah â€¦.,"A. 100,  125,  216, 343, 512
 B. 125,  216,  289, 324, 400
 C. 125,  216,  343
 D. 125,  289,  343 ",C,"125,  216,  343
",C2,mengkategorikan,sedang
66,,Akar kuadrat dari 3.844 adalah â€¦.,"A. 42
 B. 62
 C. 64
 D. 72 ",B,"62
",C3,Menghitung,sedang
67,,Hasil dari 93  -  63  adalah ....,"A. 413
 B. 513
 C. 523
 D. 613 ",B,"513
",C3,Menghitung,mudah
68,,KPK dari 36 dan 42 ialah â€¦.,"A. 108
 B. 180
 C. 210
 D. 252 ",D,252,C3,Menghitung,sedang
69,,"FPB  dari 12,  30,  dan  42  ialah  ....","A.  12
 B.    8
 C.    6
 D.    4 ",C,"   6
",C3,Menghitung,sedang
70,,Bilangan prima antara 10 dan  30 ialah â€¦.,"A. 11,  13, 17,  19,  23,  27,  29
 B. 11, 13,  17,  19,  21,  23,  29
 C. 11,  13,  15,   19,  23,  29
 D. 11,  13,  17,  19 ,  23,  29 ",D,"11,  13,  17,  19 ,  23,  29",C2,mengkategorikan,sedang
71,,Suhu air sebelum dimasukkan ke dalam frezeer 160C. Kemudian setelah dimasukkan ke dalam frezeer suhu air  mengalami penurunan sebesar  30C setiap 5 menit. Pada menit ke-20 air telah menjadi es. Suhu es sekarang adalah â€¦.,"A.  -9oC 
 B.  -6oC
 C.   4oC  
 D. 280C ",A," -9oC 
",C3,Menghitung,sedang
72,,Sudut disamping dinamakan dengan sudut ...,"A. lurus 
 B. tumpul 
 C. siku â€“ siku D.  ",B,"tumpul 
",C2,Membedakan,sedang
73,,(-17) x  (-3)  +  ( -280)  : 7  =  â€¦.,"A. 11
 B. 21
 C. 51
 D. 71 ",A,"11
",C3,Menghitung,sedang
74,,12  x  (-5)  :  (-3)  +  15  =  â€¦.,"A. 32
 B. 35
 C. 72
 D. 75 ",B,"35
",C3,Menghitung,sedang
75,,175.243 + 418.550 â€“ 224.105  = ....,"A. 269.688
 B. 369.588
 C. 369.688
 D. 593.793 ",C,"369.688
",C3,Menghitung,sedang
76,,360 : ( - 45 ) + ( - 25 ) x  5 = ....,"A. -145
 B. -133
 C. -117
 D. 133 ",B,"-133
",C3,Menghitung,sedang
77,,1 bulan = ... minggu.,"A. 4
 B. 6 
 C. 8    D.  ",A,"4
",C2,Mengaitkan,mudah
78,,2/7 + 1/7 = ...,"A. 3/7
 B. 2/7
 C. 4/7   D.  ",A,"3/7
",C3,Menghitung,sedang
79,,4/6 â€“ 1/6 = ...,"A. 2/6
 B. 3/6
 C. 5/6   D.  ",B,"3/6
",C3,Menghitung,sedang
80,,Ayah memiliki sapu tangan yang memiliki sisi 20 cm. Berapakah keliling sapu tangan milik Ayah ?,"A. 20 cm
 B. 40 cm
 C. 80  cm  D.  ",C,80  cm ,C3,Menghitung,sedang
81,,"Bangun datar ini memiliki 3 sudut yang sama besar, bangun datar ini dinamakan dengan ...","A. segitiga 
 B. lingkaran 
 C. Persegi panjang  D.  ",A,"segitiga 
",C2,membedakan,sedang
82,,Bangun datar ini memiliki 4 sisi yang sama panjang. Bangun datar ini adalah ...,"A. persegi
 B. segitiga 
 C. persegi panjang   D.  ",A,"persegi
",C2,membedakan,sedang
83,,"Bangun ini memiliki 4 sisi, dimana dua sisi yang berhadapan sama panjang. Ini merupakan ciri dari bangun ...","A. lingkaran 
 B. segitiga 
 C. persegi panjang  D.  ",C,persegi panjang ,C2,membedakan,sedang
84,,Belah ketupat memiliki ... simetri putar,"A. 1
 B. 2 
 C. 3    D.  ",B,"2 
",C2,Menjelaskan,sedang
85,,Diketahui sebuah persegi panjang memiliki panjang 8 satuan dan lebar 4 satuan. Berapakah keliling persegi panjang tersebut !,"A. 12
 B. 16
 C. 24     D.  ",C,24    ,C3,Menghitung,sedang
86,,"Ibu membeli ikan sarden kalengan, di kaleng tersebut tertulis EXP DATE : 12- 08 - 20. Sebaiknya Ibu mengkonsumsi ikan sarden sebelum ...","A. Tanggal 12 Agustus 2020
 B. Tanggal 20 Agustus 2012
 C. Tanggal 8 Desember 2020  D.  ",A,"Tanggal 12 Agustus 2020
",C3,Menghitung,sedang
87,,Ibu membuat kue bolu gulung . Kue tersebut dipotong menjadi delapan bagian sama besar. Jika dituliskan dalam bentuk pecahan adalah ...,"A. 1/6
 B. 1/8
 C. 8/8   D.  ",B,"1/8
",C3,Menghitung,sedang
88,,"Jarum pendek menunjukkan angka 6 jarum panjang menunjukkan angka 12. Jika dibaca, maka waktu menunjukkan pukul ...","A. 6 :00
 B. 12:00 
 C. 6 :12    D.  ",B,"12:00 
",C2,Membedakan,sedang
89,,Jumlah simetri  putar pada segitiga sama sisi adalah ...,"A. 1 B. 2 
 C. 3    D.  ",C,3   ,C1,Menyebutkan,mudah
90,,Jumlah simetri lipat pada bangun persegi panjang ada ..,"A. 4
 B. 5
 C. 6    D.  ",A,"4
",C1,Menyebutkan,mudah
91,36f07282-ba9a-458d-8db8-3877f8eecac9,35 x (-11) = â€¦.,"A. -385
  B. -365
  C. 365
  D. 385",A,-385,,,sedang
92,81b9281d-854c-4185-aabc-c2eed09eefd5,65 x (-8) = â€¦.,"A. -520
  B. -510
  C. 520
  D. 540",A,-520,,,sedang
93,a66b95e8-c300-4b8d-ba3e-53c2197dd02e,Segelas air suhunya 270 C Setelah diberi es suhunya turun 80 C Pada saat es sudah mencair suhunya naik lagi 50 C maka suhu sekarang menunjukkan ....,"A. 140C
  B. 190C
  C. 240C
  D. 400C",C,240C,,,sulit
94,6b862e5c-568e-47d8-b26a-2189c2f4c5c0,Suhu di dalam kulkas -40 C sedangkan suhu di ruangan 270 C. Perbedaan suhu di dalam kulkas dan di ruangan adalah ....,"A. -310C
  B. -230C
  C. 230C
  D. 310C",D,310C,,,sedang
95,199aa043-984d-47a1-b22b-8553413f8111,"Suhu udara di ruang pendingin mula-mula -80C. Untuk mengubah daging segar menjadi daging beku suhu ruangan pendingin harus diturunkan 200C. Setelah daging segar menjadi beku, suhu ruangan pendingin harus dinaikkan lagi 50C. Suhu ruangan pendingin sekarang menjadi â€¦.","A. -330C
  B. -230C
  C. -170C
  D. -70C",B,-230C,,,sulit
96,72f1762f-9c7e-4442-99f6-4bdae4fa0b9e,Suhu udara di sebuah puncak gunung pada pukul 05.00 adalah -90C. Setelah matahari terbit energi panas matahari menaikkan suhu udara di puncak gunung tersebut. Jika setiap jam suhu udara naik 30C maka suhu udara pada pukul 13.00 menjadi â€¦.,"A. -120C
  B. 120C
  C. 150C
  D. 240C",C,150C,,,sulit
97,28269100-d979-413f-97a5-bdaac849c9d7,Hasil dari 93 - 63 adalah ....,"A. 413
  B. 513
  C. 523
  D. 613",B,513,,,mudah
98,9aa3d1bd-af72-436e-a4b5-513b4de2be0d,Tiga bilangan membentuk barisan aritmetika. Jika suku ketiga ditambah dua dan suku kedua dikurangi dua diperoleh barisan geometri. Jika suku ketiga barisan aritmetika ditambah 2 maka hasilnya menjadi empat kali suku pertama. Maka suku pertama deret aritmetika tersebut adalah â€¦,"A. 4 
  B. 6
  C. 8
  D. 12
  E. 14",A,4,,,sulit
99,be5288c0-b116-4634-b73f-7dbaf496f34d,Suhu air sebelum dimasukkan ke dalam frezeer 160C. Kemudian setelah dimasukkan ke dalam frezeer suhu air mengalami penurunan sebesar 30C setiap 5 menit. Pada menit ke-20 air telah menjadi es. Suhu es sekarang adalah â€¦.,"A. -9oC 
  B. -6oC
  C. 4oC 
  D. 280C",A,-9oC,,,sulit
100,11e0fc7d-6da1-4035-9aac-ae7dfd546c7c,(-17) x (-3) + ( -280) : 7 = â€¦.,"A. 11
  B. 21
  C. 51
  D. 71",A,11,,,sedang
101,77568acc-63ad-40fa-b798-24ff4010881c,12 x (-5) : (-3) + 15 = â€¦.,"A. 32
  B. 35
  C. 72
  D. 75",B,35,,,sedang
102,12eb3877-7572-43af-8519-66e8c3444eff,175.243 + 418.550 â€“ 224.105 = ....,"A. 269.688
  B. 369.588
  C. 369.688
  D. 593.793",C,369.688,,,sedang
103,300cf4b4-a433-4c37-8168-4524e530f16f,360 : ( - 45 ) + ( - 25 ) x 5 = ....,"A. -145
  B. -133
  C. -117
  D. 133",B,-133,,,sedang
104,6fe1231e-c2c3-4278-9452-56e9f89f4527,Saat ngabuburit Yusni membaca buku. Yusni membaca dari pukul 16.00 sampai pukul 17. 30. Berapa lama Yusni membaca buku ?,"A. 1 jam 
  B. 2 jam 
  C. 1 jam 30 menit D.",C,1 jam 30 menit,,,sedang
105,4efca932-4632-4055-8482-7df03f23115e,Sebuah segitiga diketahui memiliki sisi a = 8cm b = 7cm dan c = 5 cm. Berapakah keliling dari segitiga tersebut !,"A. 20
  B. 22
  C. 24 D.",A,20,,,mudah
106,800398b4-0587-4c51-9664-42f7d68ac1a3,Sudut yang besarannya tepat 180 derajat dinamakan dengan sudut ...,"A. lurus
  B. tumpul
  C. siku siku D.",A,lurus,,,mudah
107,09e81eeb-b714-4460-a89b-6667fee87c73,Bangun datar yang memiliki dua buah sisi sama panjang yang saling berhadapan dibut bangun â€¦.,"A. persegi
  B. segitiga
  C. lingkaran
  D. persegi panjang",D,persegi panjang,,,mudah
108,0da7c866-2bcc-4e72-9ca8-70ca4a60da7d,-85 + 100 - 45 = â€¦.,"A. -60
  B. -30
  C. 30
  D. 60",B,-30,,,sedang
109,5864998b-847b-4ec5-a463-3cc0134d351b,-85 + 25 + 100 = â€¦.,"A. -160
  B. -40
  C. 10
  D. 40",D,40,,,sedang
110,18f08dad-2f52-4f35-9455-3275ff9a6249,-65 â€“ 22 + 10 = â€¦.,"A. -87
  B. -67
  C. -57
  D. -53",B,-67,,,sedang
111,a55ca82b-a35b-42d4-a651-4b5f351a9c08,"Hasil dari 1,26 x 4,9 adalah ----","A. 85,74
 
  B. 8,574
 
  C. 61,74
 
  D. 6,174",D,"6,174",,,sedang
112,6c7d964d-6c4b-4d8a-a24c-033ea01c905f,Hasil dari 4Â³ adalah â€¦.,"A. 1Â Â Â Â 
  B. 8Â Â Â Â 
  C. 27
  D. 64",D,64,,,sedang
113,f143d9b2-ae97-443b-aa21-b4120a9413c5,"Hasil dari 536,28 + 4,956 + 80 = ----","A. 621,236
 
  B. 586,64
 
  C. 541,316
 
  D. 431,64",A,"621,236",,,mudah
114,da9727af-140c-466e-b205-7117a00a12bc,"Hasil dari 869,50-8,754 adalah ----","A. 781,96
 
  B. 860,746
 
  C. 86,0746
 
  D. 860,854",B,"860,746",,,mudah
115,07137d3a-7f9d-4c2f-b131-68a7c802b9c9,Jarak kota Bandung dan Jakarta 120 km. Skala pada peta 1:2.000.000. Jarak kota Bandung dan Jakarta pada peta adalah .... Cm,"A. 6
  B. 7
  C. 8
  D. 9",A,6,,,sulit
116,17f77e3a-36fc-4b18-8652-5d5da24a1a79,(-180) : 6 + (-10) x (-5) = â€¦.,"A. 50
  B. 20
  C. -50
  D. -80",B,20,,,sedang
117,5afbb64b-c227-42f4-8092-bb155a2ffdb3,(-27) x 5 - (-180) : 6 = â€¦.,"A. -135
  B. -105
  C. 105
  D. 135",B,-105,,,sedang
118,6b42ce21-a56f-40bd-b7c0-c93166aec1b1,-12 x (-9) = â€¦.,"A. 118
  B. 108
  C. -98
  D. -108",B,108,,,sedang
119,e0b3128e-988a-46f4-a777-fd891b688bbb,-140 + 95 = â€¦.,"A. -55
  B. -45
  C. 45
  D. 235",B,-45,,,sedang
120,4b11f453-a346-43c9-9fab-0720c2bcbe6f,Sudut terbentuk oleh dua ruas garis yang saling â€¦.,"A. lurus
 
  B. sejajar
 
  C. berpotongan
 
  D. melengkung",C,berpotongan,,,mudah
121,86531089-8167-453d-8cd9-279c6d1ca5f5,Suhu di dalam kulkas -90 C sedangkan suhu di ruangan 230 C. Perbedaan suhu di dalam kulkas dan di ruangan adalah ....,"A. -320C
  B. -140C
  C. 140C
  D. 320C",D,320C,,,mudah
122,b1b85fd2-f98a-4e56-8f33-e81bd132ac9f,Bilangan prima antara 90 dan 100 adalahâ€¦.,"A. 91,97
 
  B. 92,94,96,96,100
 
  C. 93,96,99
 
  D. 91,93,95,97,99",A,"91,97",,,sedang
123,1b7319c0-3db0-481f-8bb5-925668a94973,Bilangan prima lebih dari 95 dan kurang dari 102 adalah â€¦.,"A. 96,97,98,99,100,101,102
 
  B. 97,101
 
  C. 96,98,100,102
 
  D. 97,99,102",B,"97,101",,,sedang
124,2776c6a0-16ce-42a7-bfc0-7cff251103f9,Bilangan prima yang lebih dari 50 dan kurang dari 60 adalahâ€¦.,"A. 53,59
 
  B. 51,53
 
  C. 52,54
 
  D. 53,58",A,"53,59",,,sedang
125,8f0c6ebd-4d5b-4154-a582-3694d3011e87,FPB dari 18 dan 27 adalahâ€¦.,"A. 6
 
  B. 9
 
  C. 18
 
 . 27 D.",B,9,,,sedang
126,4290f183-479b-4f7e-8d2a-e6eb69899b74,FPB dari 72 dan 90 adalah â€¦.,"A. 15
 
  B. 72
 
  C. 30
 
  D. 18",D,18,,,sedang
127,cd389e7c-736f-402e-8111-5d937a7b6c66,Gambar dan sebutkan bangun ruang kerucut !,"A. .
  B. .
  C. .
  D. .",A,.,,,mudah
128,802cf0d9-e91d-4309-bcf1-5eea466ce478,Kelipatan 7 yang habis dibagi 2 adalahâ€¦.,"A. 7,14,21
 
  B. 14,28,42
 
  C. 1,7,8,56
 
  D. 1,2,4,7",B,"14,28,42",,,sedang
129,3baa9a8b-44e0-44f2-aa23-bb176b990bea,Kelipatan bilangan 11 adalahâ€¦.,"A. 11,22,33,44,55,66,â€¦.
 
  B. 1,11,13,15,17,19â€¦.
 
  C. 0,11,22,33,44,55,66,â€¦.
 
  D. 11,12,13,14,15,16,â€¦.",A,"11,22,33,44,55,66,â€¦.",,,sedang
130,9bef4386-46a4-4ba1-bf37-44169b1a90b3,Kelipatan ke lima dari kelipatan 7 adalahâ€¦.,"A. 15
 
  B. 25
 
  C. 35
 
  D. 45",C,35,,,sedang
131,f5df97f3-694e-4d32-a177-4a1ee5fdded1,Kelipatan persekutuan 7 dan 8 adalahâ€¦.,"A. 7,8,14,16
 
  B. 56,112,168
 
  C. 1,7,8,56
 
  D. 1,2,4,7,",B,"56,112,168",,,sedang
132,350c41cc-eef9-43db-9306-8c1e9a2248ee,Kelipatan persekutuan dari 4 dan 5 adalahâ€¦.,"A. 20,40,60
 
  B. 24,28,32
 
  C. 30,35,40
 
  D. 35,40,45",A,"20,40,60",,,sedang
133,4dc3f3d6-401e-4910-8304-f657727b16b5,Suatu keterangan yang diperlukan untuk mengetahui gambaran mengenai keadaan disebutâ€¦.,"A. data
 
  B. jenis
 
  C. turus
 
  D. jumlah",A,data,,,mudah
134,db6f1637-d635-4db3-abfe-c6109c08062d,Segi banyak beraturan adalah....,"A. Segi banyak yang semua sisinya, sama panjang.
  B. Segi banyak yang semua sudutnya sama besar
  C. Segi banyak yang punya banyak sudut
  D. Segi banyak yang semua sisinya sama panjang dan sudutna sama besar",D,Segi banyak yang semua sisinya sama panjang dan sudutna sama besar,,,mudah
135,28d7b5dd-8f8c-4fae-8a8a-5f028f0485d8,Yang termasuk bangun ruang adalah â€¦,"A. Persegi
  B. Persegi panjang
  C. Belah ketupat
  D. Kubus",D,Kubus,,,mudah
136,1ff020a0-5830-4d30-a614-993702515260,Jarak rumah Abid kesekolah 5 hm. Berapa cm jarak rumah abid kesekolah..,"A. 5
  B. 50
  C. 500
  D. 5000",D,5000,,,sedang
137,d58a8f1f-246b-478b-81b7-166454052512,Keliling sebuah kebun 160 m. Jika panjang kebun 50 m maka lebar kebun tersebut adalah..â€¦,"A. 30
  B. 35
  C. 40
  D. 45",A,30,,,sedang
138,e3422490-d076-4080-81d4-1caf73e76de7,Kebun kakek berbentuk persegi panjang berukuran panjang 75 meter dan lebar 45 meter. Di sekeliling kebun akan dipagar dengan biaya Rp 115.000.00 per meter. Biaya yang diperlukan untuk pemasangan pagar tersebut adalah .â€¦.,"A. Rp 27.600.000.00
  B. Rp 27.800.000.00
  C. Rp 28.200.000.00
  D. Rp 28.400.000.00",A,Rp 27.600.000.00,,,sedang
139,d70adf68-c404-43e0-96e8-3399a493d75d,Keliling jajaran genjang yang sisinya 40 cm 40 cm 15 cm dan 15 cm adalah â€¦..,"A. 100cm
  B. 110cm
  C. 120cm
  D. 130cm",B,110cm,,,mudah
140,6056e40c-9c5b-4635-b4a1-b021d1c90dd9,Keliling persegi panjang 88cm jika panjangnya 26cm maka lebarnya adalah ...â€¦,"A. 12
  B. 14
  C. 16
  D. 18",D,18,,,sedang
141,d814d97c-edf8-48b1-bb3e-bacd4e64b44a,Keliling segitiga yang sisinya 15 cm 15 cm dan 10 cm adalah â€¦â€¦,"A. 30
  B. 35
  C. 40
  D. 25",C,40,,,mudah
142,2fd8e69b-1314-4932-b303-9b569669dde3,Keliling suatu persegi panjang adalah 80 cm dan lebarnya 12 cm kurang dari panjangnya maka panjang dan lebarnya adalah .â€¦.,"A. 22 cm dan 10 cm
  B. 24 cm dan 12 cm
  C. 26 cm dan 14 cm
  D. 28 cm dan 16 cm",C,26 cm dan 14 cm,,,sedang
143,7b0fa485-0bd5-4566-a9af-9af8068978d8,Lambang bilangan asli dari CXLIX adalah...,"A. 149
  B. 139
  C. 128
  D. 119",A,149,,,sedang
144,d6d49667-5a43-4e95-b007-bf83e15646f8,Luas suatu persegi panjang adalah 128cmÂ² jika panjangnya 16cm  maka lebarnya adalahâ€¦â€¦cm,"A. 6
  B. 7
  C. 8
  D. 9",C,8,,,sedang
145,f761fbac-6a69-4b76-8b51-8b874cf13539,Luas suatu segi tiga dengan ukuran panjang sisinya 10 cm dan tingginya 15 cm adalahâ€¦.. cmÂ²,"A. 75
  B. 50
  C. 10
  D. 5",A,75,,,mudah
146,e8dc5562-fcea-47c4-ac50-4cee324d5f48,MCMXCIII dibaca....,"A. 1998
  B. 1993
  C. 1983
  D. 1973",B,1993,,,sedang
147,33f4f732-e0b1-459d-97bf-4c9c48cb8901,Marbun menguras bakmandi selama 1 jam. Berapa menit marbun menguras bak mandi?,"A. 50
  B. 60
  C. 70
  D. 80",B,60,,,sedang
148,7ca13005-9bef-4f12-89e4-4a36b37f2ad4,Pada tahun 2019 umur kakak 4 windu. Umur kakak adalah...,"A. 20
  B. 22
  C. 30
  D. 32",D,32,,,sedang
149,d5a37e04-0227-4146-828f-3d81dd7e2495,Pak edo akan mengecat 15 kursi. Untuk mengecat 1 kursi pak edo memerlukan 25 menit. Berapa menit semuanya.....,"A. .
  B. .
  C. .
  D. .",A,.,,,sedang
150,92b2cecf-3498-4903-8311-984743087f9b,Panjang kolam ikan 55 meter dan lebarnya 33 meter. Keliling kolam ikan tersebut adalahâ€¦â€¦..meter,"A. 170
  B. 172
  C. 174
  D. 176",D,176,,,mudah
151,f6ee4a0a-6200-4e37-8681-6efa4e9b1978,Rubahlah ! 1)MCMXCIX =........,2)999 =,"A. .
  B. .
  C. .
  D. .",A,.,,sedang
152,24beba15-d66a-4b41-b6c3-89d4bcc27cd7,Rumus luas dan keliling persegi panjang adalahâ€¦â€¦,"A. L=sxs, dan K=4xs
  B. L=pxl, dan K=2xpxl
  C. L=p+l, dan K=2x(p+l)
  D. L=pxl, dan K=2x(p+l)",D,"L=pxl, dan K=2x(p+l)",,,mudah
153,11633c07-59c7-44ad-9aac-ba86771315f6,Rumus luas jajaran genjang adalahâ€¦â€¦,"A. P x l
  B. A x t
  C. S x s
  D. Jumlah sisi sejajar x t : 2",B,A x t,,,mudah
154,fb9bc508-ed6c-4012-b246-9888e05f20cb,Rumus luas segi tiga adalah â€¦â€¦,"A. A x t
  B. A x t x 4
  C. A x t : 2
  D. A x t x2",C,A x t : 2,,,mudah
155,4f492b2c-57fd-4042-ba9f-113ba65c1462,Sebuah halaman berbentuk persegi panjang. Kelilingnya 210 m dan lebarnya 35 m. luas halaman tersebut adalah â€¦..mÂ²,"A. 2.450
  B. 2.460
  C. 2.470
  D. 2.480",A,2.45,,,sedang
156,dd269991-a783-4942-957a-b03f402c16eb,Sebuah jalan sepanjang 40 m akan ditanami pohon berjarak 5m pada sisi kanan dan kirinya. Banyak pohon yang dibutuhkan adalah....,"A. 10
  B. 8
  C. 18
  D. 20",C,18,,,sedang
157,2e9c616a-fe7b-4963-9f0e-44e70bdde704,Sebuah kolam renang berbentuk persegi panjang memiliki panjang 40 meter dan lebar 20 meter. Kolam renang tersebut dikelilingi jalan setapak selebar 1 meter. Luas jalan setapak itu adalah â€¦.cmÂ²,"A. 120
  B. 122
  C. 124
  D. 126",A,120,,,sedang
158,d330c4c4-d029-43cf-8c2b-5830593136e3,Sebuah lapangan berbentuk paersegi panjang berukuran 250 m x 200 m. budi berlari mengelilingi lapangan tersebut 3 kali. Maka jarak yang ditempuh Budi adalah â€¦..m,"A. 2500
  B. 2700
  C. 2750
  D. 2800",B,2700,,,sedang
159,1f59d382-4d7a-4b4a-8852-36e43bcf7df2,Sebuah ubin berbetuk persegi panjang berukuran 30cmx25cm. jika terdapat 600 ubin maka ubin tersebut dapat menutup lantai seluasâ€¦..mÂ²,"A. 40
  B. 42,5
  C. 45
  D. 45,5",C,45,,,sedang
160,0af450f3-7ca9-42aa-80a3-68e2522646d6,Segi banyak ada 2 macam. Yaitu.....,"A. Segi banyak beraturan dan tidak beraturan
  B. Segi banyak beraturan dan berurut
  C. Segi banyak sisi dan sudut
  D. Segi banyak luas dan keliling",B,Segi banyak beraturan dan berurut,,,mudah
161,2aa8ed4c-0184-431d-a421-ce68cc3b2485,Hasil dari 8 x ( 10 + 5 ) = . . . .,"A. 400
 
  B. 120
 
  C. 85
 
  D. 50",B,120,,,sedang
162,b0207b3c-c4e7-4df7-9e2b-1a949820f1ab,Ibu membeli 362 buah semangka sebanyak 226 semangka laku terjual kemudian ibu membeli lagi 238 buah semangka. Maka semangka ibu sekarang ada . . . buah,"A. 100Â Â Â Â 
 
  B. 102Â Â Â Â 
 
  C. 352Â Â Â Â 
 
  D. 374",D,374,,,sedang
163,94ec6b49-0bca-4470-a544-3ef22789940d,"Jika n adalah 162 x 3 : 18, nilai n =. . . .","A. 972
 
  B. 108
 
  C. 27
 
  D. 17",C,27,,,sedang
164,98281aa6-819e-4817-9c90-d540decbf6f0,Toni Anton Susi Dina berangkat ke sekolah berjalan kaki waktu yang diperlukan Toni 1/5 jam Anton 1/6 jam Dina 1/4 jam dan Susi 1/8 jam siswa yang paling lama berjalan ke sekolah adalah . . . .,"A. Dina Â Â Â Â 
 
  B. ToniÂ Â Â Â 
 
  C. AntonÂ Â Â Â 
 
  D. Susi",A,Dina Â Â Â Â,,,sedang
165,7dc23c33-b37f-41e9-a229-1e6c125d0e55,Besar pelurus suatu sudut 148Â°. Besar penyiku sudut tersebut adalahâ€¦,"A. 32Â°
  B. 42Â°
  C. 58Â°
  D. 68Â°",A,32Â°,,,sedang
166,740c5ac3-a8af-4216-93d6-d7475982e338,Hasil dari 158-96 + 187 = . . . .,"A. 46
 
  B. 67
 
  C. 125
 
  D. 249",D,249,,,sedang
167,b6a128d4-e453-4f44-8239-2faa5f9c80f2,Sebuah taman berbentuk juring lingkaran dengan jari-jari 14 m dengan sudut pusat 1350. Pada sekeliling taman akan dipasang kawat tiga kali putaran. Minimal panjang kawat yang diperlukan adalahâ€¦..,"A. 61 m
  B. 66 m
  C. 122 m
  D. 183 m",D,183 m,,,sulit
168,06c32069-5c31-46ab-8788-010309848512,"Suatu sudut besarnya 3Â½ pelurusnya, maka sudut tersebut adalahâ€¦","A. Â Â Â Â 30oÂ Â Â Â Â Â Â Â Â Â Â Â 
 
  B. Â Â Â Â 40oÂ Â Â Â Â Â Â Â 
 
  C. 120o Â Â Â Â 
 
  D. 140o",B,Â Â Â Â 40oÂ Â Â Â Â Â Â Â,,,sedang
169,6a5cd7e2-91ea-4b07-8792-fa67eb79ba6b,Akuarium berukuran panjang 40 cm lebar 20 cm dan tinggi 30 cm. Volume akuarium tersebut adalah....,"A. 36.000 
  B. 24.000 
  C. 18.000 
  D. 12.000",B,24,,,mudah
170,fd05e97a-5a84-4f57-a07e-4c5cfbf2f0f8,Diketahui panjang rusuk sebuah kubus 10 cm. Volume kubus tersebut adalah ....,"A. 100 
  B. 1.000 
  C. 10.000 
  D. 100.000",B,1,,,mudah
171,3ba5a389-88cb-4591-86e4-e75fa37f914a,"Dalam lahan parkir suatu sekolah, 21 dari 25 sepeda yang terparkir tidak memiliki boncengan di belakang. Persentase dari sepeda yang tidak memiliki boncengan di belakang adalah . . .","A. 21 %
 B. 46 %
 C. 84 %
 D. 96 %
 ",C,"84 %
",C3,Menghitung,sedang
172,a9da97b0-8e35-4e99-9531-6419c63a5971,Besar sudut terkecil yang dibentuk jarum jam pada pukul 04.00 sama dengan . . .,A.  B.  C.  D.  ,C,,C2,Menjelaskan,sedang
173,0c7982ae-aa4a-4f03-a931-d2100de13f41,"Kue dalam kaleng dibagikan kepada 6 orang anak, masing-masing mendapat 30 kue dan tidak tersisa. Bila kue tersebut dibagikan kepada 10 orang anak, masing-masing mendapat kue sebanyak . . .","A.  11

 B.  15

 C.  16

 D.  18
 ",D," 18
",C3,Menghitung,sedang
174,982964f8-77b8-48cd-ad95-01c3c567f349,"Pa Ahmad membeli 1 kodi baju batik di Pekalongan dengan harga Rp1.440.000,00. Harga pembelian tiap potong baju batik tersebut sama, sehingga harga tiap potongnya adalah . . .","A. Rp10.000
 B. Rp72.000
 C. Rp120.000
 D. Rp144.000 
 ",B,"Rp72.000
",C3,Menghitung,sedang
175,be0e7126-9627-4971-8949-100b6146aad1,Sebuah mesin di suatu pabrik minuman mampu memasang tutup botol untuk 14 botol dalam waktu 84 detik. Banyak botol yang dapat ditutup oleh mesin dalam waktu 2 menit adalah . . .,A. 16 botol B. 20 botol C. 28 botol D. 35 botol ,B,20 botol,C3,Menghitung,sedang
176,09be7528-18b6-47d8-95c8-488cc11ac15c,"Sebuah mobil memerlukan 8 liter bensin untuk menempuh jarak 96 km. jika mobil itu menghahabiskan 35 liter bensin, maka jarak yang ditempuh adalah . . .","A. 139 km
 B. 360 km
 C. 420 km
 D. 488 km ",C,"420 km
",C3,Menghitung,sedang
177,3907ebcd-4389-4af5-b0a6-ad97b35cfca8,"Sebuah peta Pulau Jawa dibuat dengan skala 1 : 1.500.000. Jika jarak antara Jakarta dan Bandung pada peta tersebut 12 cm, maka jarak sebenarnya adalah . . .","A. 180 km B. 150 km C. 83,3 km D. 18 km ",A,180 km,C3,Menghitung,sulit
178,201b7863-7ae4-4f17-ae15-6ad0b6b35f01,"Seorang peternak mempunyai persediaan pakan untuk 25 ekor sapi selama 22Â hari. Peternak itu membeli beberapa ekor sapi lagi, sehingga persediaan pakan habis dalam waktu 10 hari. Banyak sapi yang dibeli oleh peternak tersebut adalah . . .","A.  5 ekor
 B. 10 ekor
 C. 22 ekor
 D. 30 ekor ",D,30 ekor,C3,Menghitung,sedang
179,48a4001a-379e-43f7-913a-46cdb44c90c5,"Diketahui pernyataan-pernyataan berikut :1.Sisi-sisi yang berhadapan sama panjang2.Sudut-sudut yang berhadapan sama besar3.Diagonal-diagonal yang sama panjang4.Diagonal-diagonalnya berpotongan dan membagi dua sama panjangDari pernyataan-pernyataan diatas, yang merupakan sifat jajargenjang adalah . . .","A. 1, 2, dan 3
 B. 1, 2, dan 4
 C. 1, 3, dan 4
 D. 2, 3, dan 4  ",B,"1, 2, dan 4
",C2,Mengkategorikan,mudah
180,3334a38f-343f-4cfb-ba06-56c982917eab,Jarak antara dua kota pada peta adalah 2 cm. Jarak sebenarnya kedua kota adalah 80 km. Skala yang digunakan peta tersebut adalah . . .,"A. 1 : 400.000
 B. 1 : 800.000
 C. 1 : 4.000.000
 D. 1 : 8.000.000 ",C,"1 : 4.000.000
",C3,Menghitung,sulit
181,9bdb7f0a-d6dd-489c-aefa-ce15ac2a7ef6,"Pembangunan sebuah gedung direncanakan selesai dalam waktu 60 hari jika dikerjakan oleh 24 orang. Setelah dikerjakan 40 hari, pekerjaan tersebut terhenti selama 8 hari. Agar pembangunan gedung tersebut selesai tepat pada waktunya, banyak tambahan pekerja yang dibutuhkan adalah . . .",A. 4 orang B. 5 orang C. 8 orang D. 16 orang ,D,16 orang,C3,Menghitung,sulit
182,0763bbfa-3585-4548-a10e-641a7549fecc,"Pengumpulan data tentang kegiatan ektrakulikuler yang diikuti siswa dapat dilakukan dengan metode berikut, kecuali . . .","A. Angket
 B. Wawancara
 C. Observasi
 D. Dokumentasi ",B,"Wawancara
",C3,Menggunakan,mudah
183,43d80f33-42ab-4fa3-8f8b-ae955ea5d34f,Penyajian data yang paling tepat untuk menggambarkan prosentase jenis pekerjaan orang tua siswa kelas 7 adalah . . .,"A. Diagram batang
 B. Diagram garis
 C. Diagram lingkaran
 D. Diagram lambing ",C,"Diagram lingkaran
",C3,Menggunakan,mudah
184,79c3cf76-c5c3-42a0-a53e-aa7b1af95391,Perbandingan kecepatan 6 km per jam dengan 40 meter per menit dapat disederhanakan menjadi ...,"A. 1 : 4
 B. 3 : 2
 C. 3 : 20
 D. 5 : 2 ",D,5 : 2,C4,Merinci,sedang
185,0824666b-dff3-45bc-9283-bd19f0b836d8,"Rasio waktu yang diluangkan Karina untuk mengerjakan tugas Matematika terhadap tugas IPA adalah 5 banding 4. Jika dia meluangkan waktu 40 menit untuk menyelesaikan tugas Matematika, maka waktu yang dia luangkan untuk menyelesaikan tugas IPA adalah . . .","A. 20 Menit
 B. 32 menit
 C. 60 menit
 D. 90 menit ",B,"32 menit
",C3,Menghitung,sedang
186,563f1389-4909-4764-8c04-9488afc8f742,Reni mengoleksi buku bacaan berupa novel sebanyak 72 buku. Rasio jumlah novel ber-genre drama dan misteri 7 : 5. Banyak novel misteri yang harus Reni beli lagi supaya rasio kedua genre novel tersebut menjadi 1 : 1 adalah . . .,A. 9 B. 12 C. 22 D. 24 ,B,12,C3,Menghitung,sulit
187,9d602daa-2ba3-42ac-bea1-cd7af9667c70,"Sebungkus cokelat akan dibagikan kepada 24 anak, setiap anak mendapat 8 cokelat. Jika cokelat itu dibagikan kepada 16 anak, maka banyak cokelat yang diperoleh setiap anak adalah . . . .","A. 8 cokelat
 B. 12 cokelat
 C. 16 cokelat
 D. 48 cokelat
 D.  ",A,"8 cokelat
",C3,Menghitung,sedang
188,76f63d5c-846a-41e9-9c6b-c65a347a1ac1,"Seorang pedagang membeli 1 karung gula putih dengan bruto 50 kg dan tara 2 %, dengan harga Rp400.000. Harga penjualan per kg gula tersebut jika pedagang itu untung 20 % adalah . . .","A. Rp8.000
 B. Rp9.600
 C. Rp9.796
 D. Rp10.000 
 ",C,"Rp9.796
",C3,Menghitung,sulit
189,ca4c8192-1bb9-4e70-bbb8-14e695ebd4e2,Pak Adi meminjam uang di Bank Indonesia sebesar Rp 15.000.000 dengan bunga 16% pertahun. Tentukan bunga yang ditanggung oleh Pak Adi jika akan meminjam selama 3 bulan . . .,"A. Rp300.000
 B. Rp400.000
 C. Rp500.000
 D. Rp600.000
 ",D,"Rp600.000
",C3,Menghitung,sedang
190,9ef76123-6aa7-458b-9160-b5384ae6e3e0,"Pak Iqbal menjual laptop (baru) dengan harga Rp. 4.000.000,00 (tanpa pajak). Laptop tersebut dibeli oleh Pak Ro`uf dengan Pajak Pertambahan Nilai (PPN) 10%. Tentukan uang yang harus dibayarkan oleh Pak Ro`uf (termasuk pajak). Jelaskan !\","A. Rp1.500
 B. Rp1.750
 C. Rp1.833
 D. Rp1.857


 ",C,"Rp1.833
",C3,Menghitung,sedang
191,647841e2-5e48-462c-ba27-623bb8bcc7b8,"Sebuah toko memberikan diskon 10 % untuk pembelian sampai Rp100.000 dan 15 % untuk kelebihannya. Jika seorang pembeli berbelanja sebesar Rp300.000, maka yang harus dibayar adalah . . .","A. Rp225.000
 B. Rp255.000
 C. Rp260.000
 D. Rp270.000
 ",C,"Rp260.000
",C3,Menghitung,sulit
192,4d003eab-a572-411c-993a-1a3e4bfed952,"Seorang pedagang membeli manga seharga Rp380.000 dengan ongkos angkutan Rp30.000. Setelah terjual habis, pedagang itu memperoleh uang Rp450.000. Dalam keadaan ini, pedagang memperoleh . . .","A. Rugi Rp40.000
 B. Rugi Rp70.000
 C. Untung Rp40.000
 D. Untung Rp70.000
 ",C,"Untung Rp40.000
",C3,Menghitung,sedang
193,450b4889-5b9f-4b1c-884f-38b42205eb9f,"Seseorang mengeluarkan Rp2.000.000,00 untuk menjalankan usahanya. Jika pada hari itu dia memperoleh keuntungan sebesar 5 % maka besarnya pendapatan yang didapatkan pada hari tu adalah . . .","A. Rp1.900.000
 B. Rp1.950.000
 C. Rp2.050.000
 D. Rp2.100.000 ",D,Rp2.100.000,C3,Menghitung,sedang
194,4355dcdd-193c-44d8-87ba-20e0ac1212ce,"Panjang sisi-sisi suatu segitiga diketahui berturut-turut p cm, 2p cm, dan (p+4) cm. Keliling segitiga tersebut adalah ...","A.  ( 4p+p) cmÂ Â Â Â 
 B. ( 3p+p) cmÂ Â Â Â           
 C. ( 2p+6) cm
 D.  ( 2p+2) cm

                                                        Â  ",A," ( 4p+p) cmÂ Â Â Â 
",C3,Menghitung,mudah
195,2b39f0d2-fc8e-4c0b-940c-f8a25412dc53,&nbsp; Bentuk sederhana dari 35 : 55 adalah...   ,"A. 5 : 7
 B. 6 : 8
 C. 7 : 11
 D. 10 : 13
 ",C,"7 : 11
",C3,Menghitung,mudah
196,81ffacb1-76fb-47fd-b921-1f19167a98c3,"Luas suatu segitiga adaalah 20 cm2, jika alas segitiga 8 cm.  Tinggi segitiga tersebut adalah â€¦",A. 5 cm2 B. 6 cm2 C. 10 cm2 D. 13 cm2 ,A,5 cm2,C3,Menghitung,mudah
197,db8cad36-90c8-4c74-912b-314850a48962,Banyak siswa laki-laki 24 dan perempuan adalah 20. Perbandingan banyak siswa laki-laki dan perempuan adalah...,"A. 6 : 4 
 B. 6 : 5 
 C. 4 : 5 
 D. 4 : 6
 ",B,"6 : 5 
",C3,Menghitung,mudah
198,d3396a8d-7358-4fc1-b155-6729a2bf2391,Budi ingin membuat layang-layang dengan menggunakan kertas kraton dengan ukuran diagonal satu 20 cm dan diagonal lainnya 35 cm. Luas karton yang dibutuhkan Budi adalah â€¦,A. 350 cm2 B. 450 cm2 C. 600 cm2 D. 650 cm2 ,A,350 cm2,C3,Menghitung,mudah
199,93b9653b-fa18-4527-8503-6e7a767e942f,Jika di dalam kelas terdapat meja berbentuk belah ketupat dengan panjang diagonal-diagonalnya 25 m dan 8 m. luas meja tersebut adalah â€¦,A. 400 cm2 B. 300 cm2 C. 100 cm2 D. 50 cm2 ,C,100 cm2,C3,Menghitung,mudah
200,58c710f2-79b8-42df-b456-6412fffd4660,"Perbandingan umur ibu dan umur anaknya 8:3. Bila umur ibu 40 tahun, maka umur anaknya adalah...","A. 11 tahun
 B. 13 tahun
 C. 14 tahun
 D. 15 tahun
 ",D,"15 tahun
",C3,Menghitung,sedang
201,f2fc896d-5e50-4c2c-8a35-8a739cd36523,Penyajian data yang paling tepat untuk menggambarkan presentase jenis pekerjaan orang tua siswa kelas 7 adalah ...,"A. Diagram batang
 B. Diagram lingkaran
 C. Diagram garis
 D. Diagram lambang
 ",B,"Diagram lingkaran
",C3,Menentukan,mudah
202,7db649f9-0efe-4061-b34e-dea7fc9e78fd,"Ayah akan membagikan uang sejumlah Rp 240.000,00 keada Amir dan Budi dengan perbandingan 3 : 5. Maka jumlah uang yang diterima oleh Budi adalahâ€¦","A. Rp 90.000,00
 B. Rp 110.000,00
                                                                         C. Rp 130.000,00
                                                                         D. Rp 150.000,00
                                                                         ",D,"Rp 150.000,00
									",C3,Menghitung,sedang
203,29cdbdf6-b3de-4c9e-a330-c6a63e10667b,Nilai dari [8 + (â€“32) â€“ (â€“4)] â€“ [ â€“5 + 4 + (â€“2)3] adalah....,"A. â€“12
 B. â€“6
 C. 6
 D. 12
 ",D,"12
",C3,Menghitung,sedang
204,68afc0a4-50d2-43dd-9f6a-d7ce8c37e9ab,Nilaidari 12 x (â€“2) : 4 + ( â€“5) = ....,"A. â€“12
 B. â€“11
 C. 11
 D. 12
 ",B,"â€“11
",C3,Menghitung,sedang
205,b30a6396-3790-4e3e-bd17-dad96b366b6a,Nilaidari [8 + (â€“32) â€“ (â€“4)] â€“ [ â€“5 + 4 + (â€“2)3] adalah....,"A. â€“12
 B. â€“6
 C. 6
 D. 12
 ",D,"12
",C3,Menghitung,sedang
206,93c4782a-93c2-4822-82f0-f6a7a219f98b,Pecahan yang senilai dengan adalah â€¦,"A. 0,825
 B. 87,5%
 C. 
                                                                         D. 87,5â€°
 ",B,"87,5%
",C3,Menghitung,mudah
207,597f02f6-4fb0-43cc-a3bb-ad470463f4cf,"Pedoman penilaian lomba matematika tingkat kota adalah sebagai berikut :  Â Â Â Â -  Soal dijawab benar diberi nilai 4  Â Â Â Â -  Soal dijawab salah diberi nilai â€“ 2  Â Â Â Â -  Soal tidak dijawab diberi nilai â€“ 1. Jika ada 50 soal dan Budi menjawab benar 25 soal dan 10 soal tidak dijawab, maka nilai Budi adalah â€¦","A. 95
 B. 85
 C. 75
 D. 60
 ",D,"60
",C3,Menghitung,sedang
208,547057e3-60b0-461e-a8e2-731c1bfac6b5,"Urutan dari besar ke kecil untuk pecahan 75%,  , dan  adalah ....","A.  , 75%, Â Â Â Â 
 B. 75%,  , Â Â Â Â 
 C.  ,  , 75%Â Â Â Â 
 D.  , 75%, 
 ",A," , 75%, Â Â Â Â 
",C4,Mengorganisasikan,sulit
209,d30c95da-82b7-4356-a3c8-c6e04cc1038d,Hasil dari :   â€“  Â´ 2 = ....,"A. 0,6
 B. 1,6
 C. 4,3
 D. 6,5
 ",B,"1,6
",C3,Menghitung,sedang
210,99509a50-aa53-444e-a6c0-2522866df1d0,Pelurus dari sudut 1080 adalah â€¦,A. 620 B. 680 C. 720 D. 780 ,C,720,C3,Menghitung,sedang
211,f1005da1-2920-4f7f-9556-0219b00a6ca6,Pecahan  bila diurutkan dari yang terkecil menjadi â€¦.,"A. 
                                                                 B. 
                                                                 C. 
                                                                 D. 
                                                                 ",D,"
								",C4,Mengorganisasikan,sulit
212,ee5c0b3b-f91c-405a-8a1b-d6613e0352ea,Pecahan paling sederhana dari  adalah â€¦.,"A. 
                                                                 B. 
                                                                 C. 
                                                                 D. 
                                                                 ",C,"
								",C3,Menghitung,sedang
213,5ce4c818-433c-41a4-9d27-455e4dbc1073,Hasil perkalian bentuk aljabar  - 8( a â€“ 2b + 5 ) = â€¦,"A. - 8a â€“ 6b + 5
 B. â€“ 3a + b â€“ 5
 C. â€“ 8a â€“ 16b + 40
 D. - 8a + 16b â€“ 40
 ",D,"- 8a + 16b â€“ 40
",C3,Menghitung,mudah
214,9e3d058d-53ad-4462-868f-f2ce9514c001,Pecahan berikut yang senilai dengan  adalah â€¦.,A.  B.  C.  D.  ,B,,C4,Membandingkan,mudah
215,3073ab03-8c71-4a56-a522-bd33bcb2c181,Pecahan yang disisipkan antara  dan  adalah â€¦.,A.  B.  C.  D.  ,A,,C4,Menalaah,sulit
216,6a544992-5189-4ddf-ac68-1a1dba414a68,"Sekar hanya mengerjakan 20 soal tes matematika dari total soal 25.  Sebanyak 17  jawabannya benar dan sisanya salah.  Jika jawaban benar bernilai 4, jawaban salah bernilai -1 dan tidak menjawab bernilai 0, maka nilai yang didapat Sekar adalah â€¦.","A. 90
 B. 85
 C. 75
 D. 65
 ",D,"65
",C3,Menghitung,sedang
217,c4b8d261-38f3-4d1e-9692-f0f11195a88c,Diantara persamaan berikut yang merupakan persamaan linier satu variabel adalah....,"A. 
Â 
 B.  C.  D.  ",B,,C4,Memilih,sedang
218,e860cf0c-bc03-4116-ab87-f4bedb1ac7e2,"Himpunan penyelesaian dari 3x + 6 &lt; 21 ,jika x himpunan bilangan cacah adalah.....","A. {1,2,3,4,5}
 B. {1,2,3,4}
 C. {0,1,2,3,4,5}
 D. {0,1 ,2, 3, 4}  ",D,"{0,1 ,2, 3, 4} ",C3,Menghitung,mudah
219,89f7bf91-4587-4308-8a06-6913fbbf080f,Himpunan penyelesaian dari 4x + 5 = 3x + 9 adalah......,"A. {2} 
 B. {4} 
 C. {7} 
 D. {14}    ",B,"{4} 
",C3,Menghitung,mudah
220,bf61f99c-95a2-4f6f-accf-df74bb6a30cc,Besar sudut dari  Â¼  putaran penuh merupakan sudut â€¦.,"A. lancip
 B. tumpul
 C. siku-siku
 D. reflektif
 ",C,"siku-siku
",C2,Mengklasifikasikan,mudah
221,b1e831bf-5ca2-466f-b2b4-b12730d91b86,"Ibu Ani ingin membuat slayer berbentuk segitiga sama kaki seperti gambar berikut. Ukuran alas slayer 35 cm dan sisi yang lain 20 cm. Di sekeliling slayer akan ditempel renda. Jika harga renda Rp7.000,00 per meter, maka harga renda yang dibutuhkan adalahâ€¦.","A. Rp 5.250,00
 B. Rp 6.000,00
										 C. Rp 6.250,00
										 D. Rp 9.000,00 ",A,"Rp 5.250,00
",C3,Menghitung,sulit
222,0d68ffbb-2dde-42b5-bde7-2ca19f928818,"Jika pecahan 0,75, , 30%,diurutkan mulai dari yang terkecil adalah ...","A. 
, , 30%, 0,75

 B. 
, , 0,75, 30%

 C. 30%, , , 0,75
 D. 30%, , 0,75,  ",C,"30%, , , 0,75
",C4,Mengorganisasikan,sulit
223,1f8aa973-2189-4a63-9dcb-d17bd88fdb6d,"0perasi "" # "" artinya kuadratkanlah bilangan pertama, kemudian kurangilah hasilnya dengan 3 kali bilangan kedua "". Nilai dari -5 # -4 adalahâ€¦.","A. 37
 B. 22
 C. -22
 D. -37 ",A,"37
",C3,Menghitung,mudah
224,1e2a381d-bda8-4833-b14c-413c5db1bbf5,Bentuk sederhana dari 8x+7xyâ€“2x+xy adalah ...,"A. 6x + 8xy
 B. 15x â€“ xy
 C. 6x + 7xy
 D. 10x + 7xy ",A,"6x + 8xy
",C6,Membuat,sedang
225,ad0498f5-b191-4170-b5de-85c47150a1d7,"Ibu Siti membeli empat gelondong kain untuk menjahit seragam paduan suara. Setelah selesai semua baju dijahit, ternyata kain masih sisa 3 meter. Bentuk aljabar kain yang digunakan adalah ...","A. 3x + 3
										 B. 3x â€“ 4 
										 C. 4x + 4
										 D. 4x â€“ 3  ",D,4x â€“ 3 ,C6,Membuat,sulit
226,0648cc8b-2179-4c82-8e89-96f934cff4f7,"Harga 6 meter kain Rp. 90.000,00. Harga 25 meter kain adalah â€¦","A.  Rp300.000,00
							
 B.  Rp375.000,00Â Â Â Â 
								
 C.  Rp450.000,00
							
 D.  Rp525.000,00 ",B," Rp375.000,00Â Â Â Â 
								
",C3,Menghitung,sedang
227,9e8bc81e-022e-4357-a1ec-81026bd9330a,"Jika pada sebuah peta jarak setiap 4 cm mewakili 14 km jarak sebenarnya, maka besar skala peta tersebut adalah â€¦","A.  1 : 380.000
							
 B.  1 : 350.000

 C.  1 : 35. 000

 D.  1 : 3.500 ",B," 1 : 350.000

",C4,Membandingkan,sulit
228,e4fdc171-7f90-4f29-8c1f-efe69db85a78,"Pada sebuah peta yang memiliki skala 1 : 400.000, jarak kota A dan kota B adalah 8 cm. berapa jarak kedua kota tersebut yang sebenarnya â€¦","A.  32 km
							
 B.  24 kmÂ Â Â Â 
								
 C.  16 km
							
 D.  12 km ",A," 32 km
							
",C3,Menghitung,sulit
229,cece7aff-c273-4f24-9473-eefdc0847a85,"Sebuah mobil memerlukan 5 liter bensin untuk menempuh jarak 60 km. jika mobil tersebut menghabiskan 40 liter bensin, maka jarak yang ditempuh mobil tersebut adalah â€¦","A.  200 km
							
 B.  240 kmÂ Â Â Â 
								
 C.  300 km
							
 D.  480 km ",D, 480 km,C3,Menghitung,sedang
230,572c82b1-1b23-49c3-b0ca-d207abeda05a,Sebuah piring hitam berputar 45 putaran per menit selama 13 menit. Berapa lama piring hitam berputar jika kecepatan putarannya 78 putaran per menit â€¦,"A.  6,5 menit
							
 B.  7 menit

 C.  7,5 menit
							
 D.  8 menit ",C," 7,5 menit
							
",C3,Menghitung,sedang
231,91a0aef7-b3a2-43ac-a08b-dd2dbe6889ad,"Diketahui barisan bilangan 8, 4, 2, 1,....Rumus suku ke-n barisan tersebut adalah....",A. 4.2n B. 5.2n C. 6.2n D. 7.2n ,A,4.2n,C6,Membuat,sulit
232,282af1a1-c659-466c-bfa7-db7ae6828674,"Diketahui barisan geometri 3, 6, 12, k, 48, 96. Nilai k yang tepat adalah â€¦","A. 21
 B. 22
 C. 23
 D. 24 ",D,24,C4,Menelaah,sedang
233,8fede466-7a18-4463-a2e1-2af143bf4450,"Diketahui dua lingkaran masing-masing brjari-jari 10 cm dan 5 cm. Jika panjang garis singgung persekutuan dalamnya 8 cm, maka jarak kedua titik pusat lingkaran itu adalahâ€¦.","A. 15 cmÂ Â Â Â 
 B. 17 cm
 C. 18 cm
 D. 20 cm
                                                                         ",B,"17 cm
",C3,Menghitung,sulit
234,f8208d67-846f-41e7-b4cc-14b9ea261e9d,"Dua buah lingkaran mempunyai jari-jari masing-masing 10 cm dan 3 cm. Jika jarak kedua pusat lingkaran 25 cm, maka garis singgung persekutuan luar kedua lingkaran tersebut adalahâ€¦","A. 24 cm
 B. 20 cm
 C. 17 cm
 D. 15 cm
 ",A,"24 cm
",C3,Menghitung,sulit
235,13561c89-91d5-4423-aae9-c2e965ec53be,Jumlah 10 suku pertama dari deret 8 + 17 + 26 +â€¦adalahâ€¦,"A. 483
 B. 484
 C. 485
 D. 486 ",C,"485
",C4,Menelaah,sulit
236,51dbe606-c4e3-4acf-a182-76020a1037d3,Jumlah 12 suku pertama dari deret 12 + 8 + 4 + 0 +â€¦ adalahâ€¦,"A. 120
 B. 100
 C. -100
 D. -120 ",D,-120,C4,Menelaah,sulit
237,99511d07-1e90-4f9e-a0d1-74b4ba8af291,Jumlah 7 suku pertama dari deret geometri 3 + 6 + 12 + â€¦adalahâ€¦,"A. 381
 B. 382
 C. 383
 D. 384 ",A,"381
",C4,Menelaah,sedang
238,35134616-4d3d-420d-b7a3-089e085a2a07,Jumlah 8 suku pertama dari deret 5 + 8 + 11 + â€¦ adalah â€¦,"A. 124
 B. 125
 C. 126
 D. 127 ",A,"124
",C4,Menelaah,sedang
239,5b82387f-9196-4b91-addc-4d261119a1df,Jumlah 8 suku pertama dari deret geometri 2 + 4+ 8 + â€¦ adalah â€¦,"A. 509
 B. 510
 C. 511
 D. 512 ",B,"510
",C4,Menelaah,sulit
240,03f54cbb-8c77-470e-96f1-25f58bfefcf0,Pola gambar berikut yang di buat dari potongan lidi.                                                             Â  ,"A. -27
 B. -26 
 C. -23
 D. -22 ",D,-22,C4,Menelaah,sedang
241,db4fd7e6-4cf9-402f-bad3-8230529d3c71,"Nilai U6 dari barisan 11, 16, 21, 26, â€¦ adalah â€¦.","A. 36 
 B. 46
 C. 56 
 D. 66 ",A,"36 
",C4,Menelaah,sedang
242,5c03480e-64e8-4998-a2c0-e3a40df49781,Rumus suku ke-n barisan adalah Un = 2n (n - 1) . Hasil dari U9 - U7 adalah....,"A. 80 
 B. 70 
 C. 60 
 D. 50 ",C,"60 
",C3,Menghitung,mudah
243,c29448ac-8e15-4a4a-920b-bffd90e090cb,Sebuah segitiga siku-siku memiliki panjang sisi miring 25 cm. Salah satu sisi tegak lurus memiliki panjang 24 cm. Panjang satu sisi yang lain adalahâ€¦,"A. 7 cm
 B. 8 cm
 C. 9 cm
 D. 12 cm ",A,"7 cm
",C3,Menghitung,sedang
244,7b765245-267e-4c28-b802-08c9ea48a03c,"Suku ke- 8 dari barisan geometri 1, 2, 4, 8, â€¦ adalah â€¦","A. 32
 B. 64
 C. 128
 D. 256 ",C,"128
",C4,Menelaah,sedang
245,f759bac8-1bcd-4b58-9a28-ceeafefa76fb,Suku ke-4 dan suku ke- 6 dari deret geometri adalah 8 dan 32. Jumlah 6 suku pertama deret tersebut adalahâ€¦,"A. 60
 B. 61
 C. 62
 D. 63 ",D,63,C4,Menelaah,sulit
246,d3d126f9-08ad-433d-872a-2c918a3d8920,"Suku ke-6 dari barisan geometri 4, 16, 64, â€¦ adalah â€¦","A. 1.024
 B. 2.048
 C. 4.096
 D. 8.192 ",C,"4.096
",C4,Menelaah,sedang
247,98522b6c-2a73-4fd7-bdf6-d7efa2044565,"Dua suku berikut dari barisan bilangan: 4, 11, 18, 25, â€¦. adalahâ€¦.","A. 43, 68
 B. 32, 47
 C. 32, 50
 D. 32, 39 ",D,"32, 39",C4,Menelaah,sedang
248,56df5431-54b5-49f9-ad07-d0f8d3303729,"Suku ke-n dari barisan 1,3,6,10,15,21,â€¦ adalah","A. n ( n + 1 )
 B. n ( n + 2 )
 C. Â Â Â Â 

 D. 
Â  ",C,"Â Â Â Â 

",C6,Membuat,sulit
249,a507ed61-f829-49e6-b392-fb2ffdba1825,Jarak pusat dua buah lingkaran adalah 25 cm dan panjang salah satu jari-jarinya 15 cm. Panjang garis singgung persekutuan luarnya 24 cm. Panjang jari-jari lingkaran lainnya adalahâ€¦.,"A. 7 cm 
 B. 8 cm
 C. 9 cm
 D. 10 cm  ",B,"8 cm
",C3,Menghitung,sulit
250,0243a056-3723-46c8-889d-086f636a5509,"Adit hendak membuat kerangka limas persegi panjang dengan panjang rusuk alas 50 cm dan 25 cm, serta rusuk tegaknya 60 cm. Jika satria memiliki kawat sepanjang 15 meter, maka kerangka limas yang dapat dibuat paling banyak adalah ....","A. 3 buah
 B. 4 buah
 C. 5 buah
 D. 6 buah
 ",A,"3 buah
",C3,Menghitung,sulit
251,46cf5cd9-2688-45a9-bc91-c7188e13ee2b,"Alas sebuah limas berbentuk persegi, dengan keliling alas 80 cm dan tinggi sisi tegaknya 36 cm. Volume limas tersebut adalah ....",A. 2.400 cm3 B. 3.800 cm3 C. 4.800 cm3 D. 5.400 cm3 ,C,4.800 cm3,C3,Menghitung,sedang
252,25eda347-c326-4e93-bcad-5fc492ee4a2a,"Diberikan data berat badan sekelompok anak sebagai berikut di bawah ini dalam kg.  50, 45, 52, 45, 55, 63, 68, 52, 45, 63, 51, 56, 50.  Modus dari data tersebut adalah ....","A. 45
 B. 50
 C. 52
 D. 63
 ",A,"45
",C4,Merinci,mudah
253,c064db81-1608-4691-92d3-8044d74eab85,"Diketahui 2 lingkaran yang pusatnya P dan Q, dengan jarak PQ = 17 cm. Panjang jari-jari lingkaran berturut-turut dengan pusat P 11,5 cm dan pusat Q 3,5 cm. Panjang garis singgung persekutuan luarnya adalah....","A. 8 cmÂ Â Â Â 
 B. 12 cm
 C. 15 cm 
 D. 16 cm
 ",C,"15 cm 
",C3,Menghitung,sulit
254,3286c608-f004-4439-8a84-7652dd068532,Jari-jari lingkaran yang luasnya 1386 cm2 adalah....,"A.   21 cm

 B.   14 cm  

 C.   10 cm  

 D.    7 cm   ",A,"  21 cm

",C3,Menghitung,sedang
255,f005f99e-5808-4b21-b2dc-f00f3eebb8de,"Jika sebuah kubus ABCD.EFGH memiliki ukuran panjang 3 dm, lebar 4 dm, dan tinggi 12 dm, panjang diagonal ruang balok tersebut adalah ....","A. 13 dm
 B. 14 dm
 C. 15 dm
 D. 16 dm
 ",A,"13 dm
",C3,Menghitung,sulit
256,2fdf356f-c819-4fb7-9408-77ded9b8606d,"Jika sebuah limas persegi memiliki panjang rusuk alas 14 cm dan tinggi limas 24 cm, maka luas seluruh sisi limas adalah ....",A. 1.176 cm2 B. 1.106 cm2 C. 896 cm2 D. 868 cm2 ,C,896 cm2,C3,Menghitung,sedang
257,090924d9-1c06-46d2-a7ea-6999381811d1,Lenitha bermain ular tangga dengan menggelindingkan dua dadu. Peluang teoritik muncul mata dadu berjumlah 7 dalam permain tersebut adalah ....,"A. 
                                                                 B. 
                                                                 C. 
                                                                 D. 
                                                                 ",C,"
								",C4,Mengaitkan,sulit
258,e5081537-7624-4dac-b2e2-9d3e86053276,Luas juring dengan sudut pusat 45o dan panjang jari-jari 14 cm adalahâ€¦,"A. 77 cm2Â Â Â Â Â Â Â Â 
 B. 93 cm2
 C. 154 cm2 D. 308 cm2    ",A,"77 cm2Â Â Â Â Â Â Â Â 
",C3,Menghitung,sulit
259,e2933e48-a8b6-4697-811c-176ad5088060,Luas permukaan kubus adalah 150 cm2. Maka volume kubus tersebut adalahâ€¦.,A. 625 cm3 B. 225 cm3 C. 125 cm3 D. 121 cm3 ,C,125 cm3,C3,Menghitung,sulit
260,324c581e-7629-495c-9210-b9159b55700a,Luas seluruh permukaan kubus dengan panjang diagonal sisinya 20 cm adalahâ€¦.,A. 120 cm2 B. 240 cm2 C. 900 cm2 D. 1200 cm2 ,D,1200 cm2,C3,Menghitung,sulit
261,d027e492-69bb-4737-8f2c-b6377a32f3a4,"Panjang garis singgung persekutuan luar dua lingkaran 15 cm. Jika jarak antara dua pusat lingkaran 17 cm dan panjang jari-jari lingkaran kecil 6 cm, maka panjang jari-jari lingkaran besar adalah . . . .","A. 8 cmÂ Â Â Â Â Â Â Â Â Â Â Â 
 B. 9 cm
 C. 12 cm
 D. 14 cm ",D,14 cm,C3,Menghitung,sulit
262,a0a80063-746e-41b9-82ac-015d1608d12e,Rais membeli kapal motor. Kapal motor tersebut dikendarai untuk menempuh jarak 80 km membutuhkan solar 24 liter. Jika kapal motor digunakan untuk menempuh jarak 120 km maka solar yang dibutuhkan adalah â€¦ .,"A. 16 liter
  B. 30 liter
  C. 36 liter
  D. 48 liter",C,36 liter,,,sedang
263,88e9cc16-b870-406a-a3a0-7f9ff2dd1f4a,"Dari 40 siswa kelas IX, 23 siswa gemar pelajaran Matematika, 18 siswa gemar pelajaran Bahasa Inggris dan 4 siswa tidak menggemari pelajaran Matematika maupun Bahasa Inggris. Banyak siswa yang gemar Matematika dan Bahasa Inggris adalah â€¦","A. 5 orang
  B. 7 orang
  C. 6 orang
  D. 9 orang",A,5 orang,,,sedang
264,5b150ce0-1851-47b5-b498-33eaa56c0ab4,"Alfin dan Arkan berenang bersama-sama pada tanggal 3 November 2018 Jika, Alfin berenang setiap 4 hari sekali dan Arkan setiap 5 hari sekali. Pada tanggal berapa mereka akan berenang bersama-sama untuk kedua kalinya?","A. 7 November 2018
  B. 8 November 2018
  C. 12 November 2018
  D. 23 November 2018",D,23 November 2018,,,sulit
265,59769017-f775-4180-beaa-9c1256f356ed,Sebuah peta dibuat dengan skala 1 : 500.000. Jarak antara kota A dan B pada peta 18 cm. Siti mengendarai motor dari kota A menuju B dengan kecepatan rata rata 40 km/jam. Selama perjalanan ia berhenti 15 menit untuk mengisi bahan bakar. Jika Siti berangkat dari kota A pukul 07.00 WIB maka ia akan tiba di kota B pada pukul â€¦ .,"A. 09.00 WIB
  B. 09.10 WIB
  C. 09.15 WIB
  D. 09.30 WIB",B,09.10 WIB,,,sulit
266,703b617b-aee3-4125-806a-276fc8ed5eb2,"Beni menjumlahkan nomor-nomor halaman buku yang terdiri dari 96 halaman adalah 4 672 Ternyata terjadi kekeliruan, karena ada 1 halaman yang dihitung 2 kali. Halaman buku yang terhitung dua kali adalah â€¦","A. 16
  B. 18
  C. 24
  D. 36",A,16,,,sulit
267,716bb4c0-24a9-441a-b8ba-30b8055e7f3f,Seorang pedagang membeli 5 kg jeruk dengan harga Rp75.000 00 dan dijual lagi dengan keuntungan 15% maka harga jual satu kilogram jeruk tersebut adalah â€¦ .,"A. Rp15.250,00
  B. Rp16.250,00
  C. Rp17.250,00
  D. Rp18.250,00",C,"Rp17.250,00",,,sedang
268,cc46d78d-6712-4b36-bed3-8dc5aa4b4130,"Bentuk pecahan yang paling sederhana dari 0,0075 adalah","A. 
 Â Â Â Â 
 
  B. 
 Â Â Â Â 
 
  C. 
 Â Â Â Â 
 
  D.",C,Â Â Â Â,,,sedang
269,c7ddc1b6-58f7-448f-9f2f-2af4f7604ec8,Suhu di dalam sebuah kulkas adalah -140C. Ketika aliran listrik mati suhu di dalam kulkas naik 40C setiap 8 menit. Jika aliran listrik mati selama 24 menit maka suhu di dalam kulkas menjadiâ€¦ 0C,"A. -10
  B. -6
  C. -2
  D. 2",C,-2,,,sedang
270,420d4511-d63a-49a9-bcb4-70ff9eafda06,"Untuk membeli 8 batang pensil uang Ali bersisa Rp 500,00 tetapi untuk membeli 10 batang pensil ternyata uangnya kurang Rp 1 000,00 Banyaknya uang Ali adalah","A. Rp 2.500,00Â Â Â Â Â Â Â Â 
  B. Rp 4.500,00 
  C. Rp 6.500,00
  D. Rp 7.500,00",C,"Rp 6.500,00",,,sulit
271,d3643188-825f-4fc9-b8b9-8aae00dff13d,Diantara pasangan himpunan di bawah ini yang merupakan pasangan yang ekuivalen adalah â€¦,"A. {Faktor dari 4} dan {a, b, c, d}
  B. {Bilangan prima kurang dari 6} dan {a, b, c}
  C. {Bilangan cacah kelipatan 3 kurang dari 9} dan {p, q, r}
  D. {Faktor dari 10} dan {q, r, s}",B,"{Bilangan prima kurang dari 6} dan {a, b, c}",,,mudah
272,4212e07f-7717-4b66-906a-eed8b56f98a4,"Diketahui P = {a, b, c, d, e}. Banyaknya himpunan bagian dari P yang mempunyai tiga anggota adalah â€¦","A. 2
  B. 7
  C. 9
  D. 10",D,10,,,mudah
273,016a323a-5b6d-45c2-90a9-19e3e8e0dcd6,"Diketahui banyak siswa dalam kelas VII F ada 32 siswa, 18 anak diantaranya siswa putri. Bilangan pecahan yang menyatakan perbandingan antara banyaknya siswa putra terhadap banyak siswa dalam kelas itu adalah","A. Â Â Â Â 
  B. Â Â Â Â 
  C. 0,4375Â Â Â Â 
  D. 56,25 %",C,"0,4375Â Â Â Â",,,mudah
274,d4667d32-507d-4ed2-9351-d4ab2d869b85,"Okta membeli 3,5 kg gula, sedangkan Rani membeli sebanyak kali yang dibeli Okta. Gula yang dibeli oleh Rani adalah â€¦ kg","A. Â Â Â Â 
  B. 
 C. 
 D.",B,,,,mudah
275,336edbf1-7aed-4e3a-957c-6ba946c0b164,Pernyataan berikut benar tentang segitiga sama kaki adalah â€¦,"A. Ketiga sisinya sama panjang
  B. Dua sudutnya sama besar
  C. Tiga sudutnya sama besar
  D. Salah satu sudutnya 900",B,Dua sudutnya sama besar,,,mudah
276,7e8b313d-a163-44e0-8b14-99e19689832f,Sebuah buku terdiri dari 400 halaman dimulai dari halaman ke-1 Arviana menjumlahkan angka-angka halaman dari buku tersebut dan diperoleh jumlah 80 260 dan ternyata ada satu halaman yang dijumlahkan tiga kali. Halaman yang dijumlahkan tiga kali adalah,"A. 25
  B. 30
  C. 50
  D. 60",B,30,,,sulit
277,62670ce5-b7e8-4106-8192-b5875f8efb20,"Sebuah segitiga PQR siku-siku di P. Jika panjang sisi PQ = 16 cm dan PR = 30 cm, keliling segitiga PQR = â€¦ cm","A. 46
  B. 56
  C. 70
  D. 80",D,80,,,sedang
278,f041673b-1c91-4ef4-9985-5fc803dac142,"Sebuah kebun berbentuk segitiga siku-siku dengan panjang sisi 20 m, 21 m, dan 29 m Jika kebun tersebut akan ditanami kentang dengan biaya Rp 22 500/m2, biaya yang diperlukan untuk menanam kentang di kebun tersebut adalah","A. Rp 4.725.000,00
  B. Rp 9.450.000,00
  C. Rp 11.250.000,00
  D. Rp 14.175.000,00",A,"Rp 4.725.000,00",,,sedang
279,72fc0774-7ba9-4059-b31a-79a90c7644c2,"Skor pada kompetisi matematika adalah 4 untuk setiap jawaban benar, 0 untuk soal yang tidak dijawab dan â€“1 untuk setiap jawaban salah Dari 60 soal yang diberikan, Budi tidak menjawab 5 soal dan salah 6 soal. Skor yang diperoleh Budi adalah â€¦","A. 180
  B. 186
  C. 190
  D. 196",C,190,,,sedang
280,e5be017b-9f25-4e2d-8f6f-222c422f90e3,"Skor sementara dalam pertandingan basket yang digelar antara tim X dan tim Y adalah 79 - 64. beberapa menit kemudian tim X menambah 12 poin sementara tim Y tidak mampu meraih poin tambahan. Untuk mengalahkan tim X dengan keunggulan 2 poin, maka tim Y harus mengumpulkan ..... poin.","A. 23
  B. 25
  C. 27
  D. 29",D,29,,,sedang
281,9537f5b4-b49b-40ab-8943-15a0a93b0b0b,"Suhu sebongkah es mula-mula 50C di bawah nol, dua jam kemudian suhunya turun 70C, suhu es sekarang adalah","A. â€“120C
  B. â€“20C
  C. 20C
  D. 120C",B,â€“20C,,,mudah
282,87d3a3b3-24d3-41fc-9f44-845b748dec7d,"Untuk keperluan setiap hari ibu membeli kg gula pasir Untuk minum ayah kg, dan kg untuk anakâ€“anaknya. Sisa gula yang dibeli Ibu adalah","A. 
 B. 
 C. 
 D.",D,,,,mudah
283,809af877-0c97-4045-92d9-8e5bf5618659,"Operasi "" * "" berarti kalikan bilangan pertama dengan 2 kali bilangan kedua, kemudian tambahkan hasilnya dengan 5 kali bilangan kedua. Hasil dari (â€“8) * 6 adalah ....","A. â€“ 36
 B. â€“ 66
 C. â€“ 96
 D. â€“ 126",B,â€“ 66,,,sedang
284,706a6ccb-c1bd-4174-867a-8bfdf07f1836,"1, 5, 25, 125, .Bilangan selanjutnya adalah","A. 625
  B. 450
  C. 225
  D. 150",A,625,,,sedang
285,b29a6ff2-083f-4c7a-8337-3113699a2bb4,"3, 9, 27, 81, , , , Tiga angka selanjutnya adalah","A. 90, 93, 96
  B. 90, 120, 243
  C. 243, 729, 2187
  D. 234, 729, 2178",C,"243, 729, 2187",,,sedang
286,be340a34-3487-4e38-a312-5f8a76fd3cb3,5 x 5 x 5 x 5 x 5 x 5. Bilangan pangkat yang benar adalah,"A. 56Â Â Â Â 
  B. 5-6 C. 65 D. 6-5",A,56Â Â Â Â,,,mudah
287,e7add1bb-a689-4791-8602-063c630f0052,Invers dari 125 adalah,"A. 
 
 
  B. 125
  C. - 125
  D.",A,,,,mudah
288,469a968c-d3e7-4374-8a49-03e90a6536df,Bentuk sederhana dari ((-2)2)3 x (-2)2 =,A. (-2)12 B. (-2)8 C. (-2)7 D. (-2)5,B,(-2)8,,,mudah
289,88cf3050-6d8b-41b0-b2e5-fd2a75c47c41,Bilangan kuadrat antara 20 sampai dengan 90 adalah,"A. 25, 36, 49, 64, 81, 90
  B. 25, 36, 49, 63, 81
  C. 25, 36, 49, 64, 90
  D. 25, 36, 49, 64, 81",D,"25, 36, 49, 64, 81",,,sulit
290,a8f5487e-fc8d-4bc6-af92-702fa3b82606,"Dalam suatu lomba MIPA ditetapkan, jawaban benar diberi nilai 4 dan jawaban yang salah diberi nilai - 3, sedangkan soal yang tidak dijawab diberi nilai - 1 Jika dari 40 soal, Dimas dapat menjawab soal dengan benar 28 soal, sedangkan 8 soal yang dijawab salah. Berapa nilai yang diperoleh Dimas?","A. 96
  B. 91
  C. 88
  D. 84",D,84,,,sedang
291,784ee027-f9be-4a60-ac65-f0257329dde6,Di bawah ini yang bukan merupakan bilangan kuadrat adalah,"A. 1
  B. 24
  C. 49
  D. 81",B,24,,,mudah
292,cd398e82-ef85-46e9-9f98-88b6219978e2,Faktor Persekutuan Terbesar dari 24 dan 36 adalah,"A. 3
  B. 4
  C. 8
  D. 12",D,12,,,mudah
293,80fba67a-844c-473d-bc52-1b8195dec479,Faktor perkalian dari 12 adalah,"A. 1, 2, 3, 4, 8, 12
  B. 1, 2, 3, 4, 6, 12
  C. 1, 2, 3, 6, 8, 12
  D. 1, 2, 3, 4, 8, 12",B,"1, 2, 3, 4, 6, 12",,,mudah
294,aa60cf69-e6a0-4bc2-8eb1-f92da224a9b2,Faktor prima dari 360 adalah,"A. 2, 3, dan 15
  B. 2, 3, dan 5
  C. 3, 5, dan 15
  D. 3, 5, dan 18",B,"2, 3, dan 5",,,mudah
295,82b4947c-329b-4513-9b36-c45cd25ec70b,Hasil dari ( - 360 : 9 ) : ( - 4 ) adalah,"A. - 12
  B. - 10
  C. 10
  D. 12",C,10,,,mudah
296,aba8c639-c9f9-42d0-8b35-e3308baac029,Himpunan bilangan bulat antara - 4 dan 3 adalah,"A. {- 4 , - 3 , - 2 , - 1 , 0 , 1 , 2 , 3}
  B. {- 3 , - 2 , - 1 , 0 , 1 , 2 , 3}
  C. {- 3 , - 2 , - 1 , 0 , 1 , 2}
  D. {- 2 , - 1 , 0 , 1 , 2 , 3}",C,"{- 3 , - 2 , - 1 , 0 , 1 , 2}",,,sedang
297,d004c6ec-56c3-4b6f-9aab-5b5c5c4ee8f2,"Lili les piano 3 hari sekali Maya les piano 4 hari sekali Jika Lili dan Maya les piano pertama kali pada tanggal 2 Agustus 2017, pada tanggal berapakah Lili dan Maya akan les piano bersama lagi?","A. 5 Agustus 2017
  B. 6 Agustus 2017
  C. 10 Agustus 2017
  D. 14 Agustus 2017",D,14 Agustus 2017,,,sulit
298,f2e197c1-ff6b-4eda-b925-79c1b7ec17c6,Nilai dari 62 x 65 : 63 adalah,A. 610 B. 67 C. 64 D. 62Â Â Â Â,C,64,,,mudah
299,e538b4f1-db84-48f2-82ba-865b81c71bde,Pernanda mempunyai 24 coklat dan 32 softdrink Jika Pernanda akan memasukkan coklat dan softdrink tersebut sama banyak ke dalam goodybag. Berapa goodybag terbanyak yang dibutuhkan Pernanda?,"A. 2
  B. 6
  C. 8
  D. 24",C,8,,,sulit
300,c2c40bd9-1419-4013-81d6-57b2ad46734b,Sifat tertutup pada bilangan bulat berlaku pada operasi,"A. Penjumlahan dan pengurangan
  B. Penjumlahan dan perkalian
  C. Penjumlahan dan pembagian
  D. Perkalian dan pembagian",B,Penjumlahan dan perkalian,,,mudah
301,39076e21-fea7-4a36-b73c-bf71b0912b04,"Suhu di Kota Nagasaki adalah - 5oC, suhu di Kota Hirosima adalah - 3oC, dan suhu di Kota Tokyo adalah 0oC. Kota dengan suhu paling panas adalah","A. Kota Nagasaki
  B. Kota Hirosima
  C. Kota Tokyo
  D. Kota Nagasaki dan Kota Hirosima",C,Kota Tokyo,,,mudah
302,e9e0429b-0701-4a72-8b51-a811cafeba08,"Tinggi kota A adalah 54 m di atas permukaan laut, sedangkan kota B letaknya 216 m di bawah permukaan laut. Perbedaan tinggi kedua kota tersebut adalah","A. 270 m
  B. 258 m
  C. 170 m 
  D. 158 m",A,270 m,,,mudah
303,0c21aa96-a442-4b2e-beee-a744e59f3545,Turun 3 satuan dari nol ditulis,"A. 3
  B. - 3
  C. - 2
  D. - 1",B,-3,,,mudah
304,1eac82aa-be0e-42d1-b34f-4e6f645ddcc8,"Urutan terendah hingga tertinggi dari 3 , - 1 , 2 , - 3 , 4 , 0 adalah","A. - 3 , 0 , - 1 , 2 , 3 , 4
  B. - 3 , - 1, 0 , 2 , 3 , 4
 C. - 1 , - 3 , 0 , 2 , 3, 4
  D. 0 , - 1 , 2 , - 3 , 3 , 4",B,"- 3 , - 1, 0 , 2 , 3 , 4",,,mudah
305,a7979abc-aece-4089-9160-dde29c940bce,Yang bukan sifat operasi hitung pada penjumlahan adalah,"A. Komutatif
  B. Distributif
  C. Asosiatif
  D. Isolatif",D,Isolatif,,,mudah
306,9e50668d-38a8-4c61-9f72-03e71f56a2b2,[15 + (-3) - (-12)]-[-8 + 17 + (-18)] =,"A. 33
  B. 23 
  C. - 23 
  D. - 33",A,33,,,mudah
307,08f0203d-8a2c-42ea-89ab-43061fbce183,"a x b = b x a , operasi perkalian pada bilangan bulat di samping merupakan sifat","A. asosiatif
  B. penyebaran
  C. distributif 
  D. komutatif",D,komutatif,,,mudah
308,3f6cf542-3dbe-4ca8-bf52-a1b966ac1239,Alfin dan Arkan berenang bersama-sama untuk pertama kalinya pada tanggal 3 November 2018 Jika Alfin berenang setiap 4 hari sekali dan Arkan setiap 5 hari sekali. Mereka akan berenang bersama-sama untuk ketiga kalinya pada tanggal â€¦,"A. 7 Novemver 2018
  B. 23 November 2018
  C. 7 Desember 2018
  D. 13 Desember 2018",D,13 Desember 2018,,,sulit
309,f027ca5c-eb9f-4a20-b1b0-41bc3d241c6a,"Pada lomba Matematika ditentukan untuk jawaban yang benar mendapat skor 4, jawaban salah mendapat skor â€“2, sedangkan bila tidak menjawab mendapat skor â€“1 Dari 75 soal yang diberikan, seorang anak menjawab 50 soal dengan benar dan 10 soal tidak dijawab. Skor yang diperoleh anak tersebut adalah",,"A. 120
  B. 100 
  C. 90 
  D. 85",A,120,,sedang
310,644ded50-5b92-4e04-86b7-e2c5e9b21ad4,"Seorang pedagang membeli lima lusin boneka dengan harga Rp 1 200 000,00 Karena membeli banyak, pedagang tersebut mendapatkan diskon sebesar 10%. Berapa harga yang harus dibayar pedagang tersebut?","A. Rp 120.000,00
  B. Rp 1.080.000,00
  C. Rp 1.180.000,00
  D. Rp 1.320.000,00",B,"Rp 1.080.000,00",,,sedang
311,5963f1f6-69cd-4101-b778-45454693243e,Di antara bilangan-bilangan berikut yang merupakan bilangan bulat adalah,"A. 3,5
  B. 
 
 
  C. 22,5 %
  D. - 10",D,-10,,,mudah
312,b56319fa-1a04-4d5d-8f42-86e475143591,Jarak sebenarnya antara Makassar dan Parepare adalah 160 km. Apabila jarak kedua kota tersebut pada peta menjadi 4 cm maka skala yang digunakan peta tersebut adalah â€¦.,"A. 1 : 40.000
  B. 1 : 400.000
  C. 1 : 4.000.000
  D. 1 : 40.000.000",C,1 : 4.000.000,,,sulit
313,84db0730-8c62-4102-bba1-a0189ea1668d,Jarak sebenarnya antara Palembang dan Riau adalah 500 km. Apabila jarak kedua kota tersebut pada peta menjadi 20 cm maka skala yang digunakan peta tersebut adalah â€¦.,"A. 1 : 25.000
  B. 1 : 250.000
  C. 1 : 2.500.000
 D. 1 : 25.000.000",C,1 : 2.500.000,,,sulit
314,9f7bffae-09a5-4af7-97d5-969eaffeb3bb,Manakah dari pernyataan berikut ini yang merupakan kalimat tertutup â€¦,"A. Hari ini adalah hari rabu&nbsp;&nbsp;&nbsp;&nbsp;&nbsp;&nbsp;&nbsp;&nbsp;
 
  B. Kumpulan orang tampan
 
  C. Suatu bilangan dikurangi 2 hasilnya 6
 
  D. 4 kali p sama dengan 20",A,Hari ini adalah hari rabu&nbsp;&nbsp;&nbsp;&nbsp;&nbsp;&nbsp;&nbsp;&nbsp;,,,mudah
315,dd0f8959-a8bf-441d-9749-d76d7cf9df3b,Diantara kelompok himpunan di bawah ini yang merupakan himpunan kosong adalah â€¦,"A. Himpunan bilangan prima genap
  B. Himpunan bilangan ganjil kelipatan 2
  C. Himpunan bilangan komposit ganjil
  D. Himpunan bilangan kuadrat",B,Himpunan bilangan ganjil kelipatan 2,,,mudah
316,d4d92b23-5253-4b44-a8e5-9e752d3d32e8,"Diketahui P = { huruf pembentuk kata ""MATH IS EASY"" }. n(P) = â€¦","A. 8
  B. 9
  C. 10
  D. 11",A,8,,,sedang
317,6650d9f9-f931-4840-856d-fdfcd68176be,Pernyataan di bawah ini yang benar adalah â€¦,"A. 9 {bilangan prima}Â Â Â Â 
  B. 89 {bilangan prima}
  C. 256 {bilangan kelipatan 4}Â Â Â Â 
  D. 169 {bilangan kuadrat}",B,89 {bilangan prima},,,mudah
318,e0dabf05-7655-4e05-9eb5-494ee7c5aa09,Diketahui suatu segitiga memiliki luas sebesar 180 cm2. Jika panjang alas segitiga adalah 15 cm maka tinggi segitiga adalah ... cm.,"A. 24
  B. 26
  C. 28
  D. 30",A,24,,,mudah
319,d2a7cf49-4e12-4d9d-bf92-4b38f1b8381d,"Sebuah lapangan berbentuk segitiga dengan panjang sisi-sisinya 50 m, 65 m, dan 80 m Pada suatu hari Audrey berlari mengelilingi lapangan tersebut sebanyak 13 kali putaran. Berapakah jarak yang ditempuh oleh Audrey saat berlari?","A. 195 m
 B. 1.365 m
  C. 2.535 m
  D. 3.525 m",C,2.535 m,,,sedang
320,193289f8-28e4-411f-b3bc-50840e71ff1d,"Segitiga ABC memiliki sisi-sisi a b dan c dengan a : b : c = 2 : 4 : 5. Jika keliling segitiga adalah 143 cm, maka panjang b adalah....cm","A. 13
  B. 26
  C. 39
  D. 52",D,52,,,sulit
321,6e2abf03-b124-4c8d-ad3d-f6427e434520,"Keliling sebuah persegi panjang 240 cm Jika perbandingan panjang dan lebarnya 7 : 5, ukuran lebarnya adalah  cm","A. 50 cm
  B. 55 cm
  C. 70 cm
  D. 75 cm",A,50 cm,,,sulit
322,db14b4bf-9a05-44d2-8f01-d8c8c8fb73c9,"Pradita membeli sebuah tas seharga Rp175 000,00 Karena di toko tersebut sedang ada diskon, ia hanya membayar Rp133 000,00. Diskon yang diberikan kepada Pradita adalah","A. 21%
  B. 23%
  C. 22%
  D. 24%",D,24%,,,sedang
323,63bd06db-1e68-4ce8-9a67-7d3600f73f5a,"Bima menabung sebesar Rp800 000,00 di bank dengan bunga 6% per tahun. Jumlah tabungan Bima setelah 9 bulan adalah","A. Rp.836.000,00
  B. Rp.848.000,00
  C. Rp.840.000,00
  D. Rp.854.000,00",A,"Rp.836.000,00",,,sedang
324,17cda0a6-b9b6-44dc-b109-560116d25f20,Bruto satu dus barang adalah 50 kg Dalam dus tersebut tertulis tara 5%. Nilai Tara barang tersebut adalah,"A. 2 kg
  B. 5 kg
  C. 2,5 kgÂ Â Â Â 
  D. 12 kg",C,"2,5 kgÂ Â Â Â",,,sedang
325,f40e4162-405e-49e7-9ce1-286d01e04363,"Bu Anti mempunyai sebuah pabrik bihun. Pabrik tersebut bisa memproduksi 250 bungkus bihun dalam 1 hari yang didistribusikan ke pasar-pasar dengan harga Rp7.000 00 per bungkus. Jika jumlah pajak UMKM adalah 1% dari pendapatan, maka jumlah pajak UMKM yang harus dibayar bu Anti selama 1 bulan adalah...","A. Rp5.250.000,00
  B. Rp525.000,00
  C. Rp1.750.000,00
  D. Rp175.000,00",B,"Rp525.000,00",,,sedang
326,2ebcf4a1-d9b1-48c0-bba0-d2736be66973,"Harga pembelian satu lusin baju Rp96.000 00. Bila baju tersebut dijual dengan harga Rp10.000 00 per baju, maka persentase untung dari pembelian adalah...","A. 20%
  B. 35%
  C. 25%
  D. 40%",C,25%,,,sedang
327,6c2e8102-db4d-464b-9c3f-99e5079ca68f,"Jarak kedua kota pada peta adalah 20 cm Jika skala peta 1 : 600000, jarak kedua kota sebenarnya adalah","A. 1.200 km
  B. 30 km
  C. 120 km
  D. 12 km",C,120 km,,,sedang
328,cff468be-1b8f-4eba-a0be-656dd7c55019,"Jika tinggi gedung pada gambar adalah 12 5 cm sedangkan tinggi gedung sebenarnya adalah 25 m, maka skala dari gambar tersebut adalah...","A. 1 : 100
  B. 1 : 200
  C. 1 : 150
  D. 1 : 250",B,1 : 200,,,sedang
329,daea240f-1fd4-4f37-b35e-992b9396ce5f,"Pemilik sebuah toko beras mendapat kiriman 100 karung beras yang masing-masing pada karungnya tertera tulisan Bruto 114 kg, tara 2 kg.Neto kiriman yang diterima pemilik toko adalah","A. 200 kuintal
  B. 114 kuintal
  C. 116 kuintal
  D. 112 kuintal",D,112 kuintal,,,sedang
330,d396793b-e2bc-49e4-ba34-94ce57858146,"Sebuah peta berskala 1 : 300.000. Jika dua buah kota jaraknya 135 km, maka jarak kedua kota tersebut pada peta adalah...","A. 2 cm
  B. 22 cm
  C. 4,5 cmÂ Â Â Â 
  D. 45 cm",D,45 cm,,,sedang
331,43be8a7a-f6f0-4b78-898b-abb4d8fe679d,"Sebungkus permen akan dibagikan kepada 24 orang anak setiap anak mendapatkan 8 permen. Jika permen dibagikan kepada 16 orang anak, maka banyak permen yang diperoleh setiap anak adalah...","A. 8 permen
  B. 16 permen
  C. 12 permen
  D. 48 permen",C,12 permen,,,sedang
332,76c79ce9-f1fd-4003-a4aa-a6bc38c6b28d,"Sekarung tepung terigu mempunyai berat bersih 84 kg. Jika berat kemasan karung tepung tersebut 550 gram, maka berat kotor tepung tersebut adalah...","A. 84,45 kg
  B. 83,45 kg
  C. 84,55 kg
  D. 83,55 kg",B,"83,45 kg",,,sedang
333,97fdead4-ad5f-4f7d-beef-c3b16aadc3de,"Seorang tukang jahit mendapat pesanan menjahit kaos untuk keperluan kampanye Ia hanya mampu menjahit 60 potong dalam 3 hari. Bila ia bekerja selama 2 minggu, berapa potong kaos yang dapat ia kerjakan?","A. 80 potongÂ Â Â Â Â Â Â Â Â Â Â Â 
  B. 180 potong
  C. 120 potongÂ Â Â Â Â Â Â Â Â Â Â Â 
  D. 280 potong",D,280 potong,,,sedang
334,cd7a063e-c16c-467f-b005-189b0a1d2c85,"Bentuk pecahan biasa dari 0,4242 adalah â€¦","A. 
 
 
  B. 
 Â Â Â Â 
 
  C. Â Â Â Â Â Â Â Â 
  D. Â Â Â Â",B,Â Â Â Â,,,mudah
335,aa3bc8c7-dd48-4b5a-8bbe-8c99e7a818e9,"Kelipatan Persekutuan Terkecil dari 6, 8, dan 12 adalah","A. 12
  B. 24
  C. 32
  D. 36",B,24,,,mudah
336,a5a6a3cb-a86f-4dc0-98b9-2a6b45266871,"Diantara bilangan berikut, pecahan yang nilainya paling kecil adalah","A. 0,4
 
  B. 
 
  C. 
 
  D. 30%",C,,,,mudah
337,0360eb32-0df8-4ec1-9a0e-50cdfa4fde01,"Pak Hendra mempunyai 6 bebek, masing-masing bebek mempunyai 6 anak Masing-masing anak bebek mempunyai 6 anak bebek lagi. Jumlah bebek Pak Hendra sekarang adalah","A. 6
 
  B. 18
 
  C. 36
 
  D. 216",D,216,,,sulit
338,56850825-466b-4420-aa2a-f388ddbc4f30,"Bilangan bulat -5, 9, -10, 3, 0 bila diurutkan dari yang terbesar sampai terkecil adalah","A. 10, 9, 5, 3, 0
  B. -10, 9, -5, 3, 0
  C. 9, 3, 0, -5, -10
  D. 9, 3, -10, -5, 0",C,"9, 3, 0, -5, -10",,,mudah
339,9ffd5834-a50e-4375-b3f4-9acdfd7daa23,2 rim = â€¦ lemabr,"A. 
 Â 
 250 
  B. 500
  C. 750 
  D. 1000",D,1000,,,mudah
340,6d4bcafb-92f4-45e5-831e-2946d434c8ed,692 + 207 hasilnya lebih dekat dengan,"A. 600 + 200
  B. 700 + 300
  C. 700 + 200 
  D. 900 + 200",B,700 + 300,,,sedang